Date_Time,DO_mgL,Spec_con,DO_Sat,Water_Temp,Receiver_Serial
2023-06-12 00:10,7.1,719,76,17.9,139270
2023-06-12 01:10,6.9,716,74,17.8,139270
2023-06-12 02:10,6.9,713,74,17.7,139270
2023-06-12 03:10,6.9,709,73,17.6,139270
2023-06-12 04:10,6.9,707,74,17.5,139270
2023-06-12 05:10,6.9,704,74,17.4,139270
2023-06-12 06:10,7,705,74,17.3,139270
2023-06-12 07:10,7.2,723,76,17.3,139270
2023-06-12 08:10,7.1,741,76,17.2,139270
2023-06-12 09:10,7.2,743,76,17.3,139270
2023-06-12 10:10,7.4,747,78,17.3,139270
2023-06-12 11:10,7.4,745,79,17.3,139270
2023-06-12 12:10,7.6,746,81,17.4,139270
2023-06-12 13:10,7.2,750,77,17.5,139270
2023-06-12 14:10,7.7,758,82,17.7,139270
2023-06-12 15:10,7.6,763,81,17.8,139270
2023-06-12 16:10,7.8,770,84,18,139270
2023-06-12 17:10,7.7,771,83,18,139270
2023-06-12 18:10,8,759,86,18.1,139270
2023-06-12 19:10,8,744,86,18.1,139270
2023-06-12 20:10,8,743,87,18,139270
2023-06-12 21:10,8,747,87,18.1,139270
2023-06-12 22:10,8.1,751,87,18.1,139270
2023-06-12 23:10,7.9,745,86,18.1,139270
2023-06-13 00:10,7.9,740,85,18.1,139270
2023-06-13 01:10,7.4,733,79,18,139270
2023-06-13 02:10,7.5,731,81,18,139270
2023-06-13 03:10,7.5,732,81,17.9,139270
2023-06-13 04:10,7.3,740,79,17.9,139270
2023-06-13 05:10,7.2,746,77,17.9,139270
2023-06-13 06:10,7,746,76,17.9,139270
2023-06-13 07:10,6.8,742,73,17.9,139270
2023-06-13 08:10,7,742,76,18,139270
2023-06-13 09:10,7,749,76,18,139270
2023-06-13 10:10,6.8,775,74,18,139270
2023-06-13 11:10,6.9,780,74,18.1,139270
2023-06-13 12:10,6.9,786,75,18,139270
2023-06-13 13:10,7,788,75,18,139270
2023-06-13 14:10,7,801,76,18,139270
2023-06-13 15:10,7.3,796,79,17.9,139270
2023-06-13 16:10,7.6,786,82,18,139270
2023-06-13 17:10,7.7,792,83,18,139270
2023-06-13 18:10,7.8,802,84,18,139270
2023-06-13 19:10,7.8,813,84,18,139270
2023-06-13 20:10,7.8,822,84,18,139270
2023-06-13 21:10,7.7,823,83,18.1,139270
2023-06-13 22:10,7.5,802,81,18.1,139270
2023-06-13 23:10,7.4,801,79,18.1,139270
2023-06-14 00:10,7.2,804,78,18.1,139270
2023-06-14 01:10,7.2,815,77,18.1,139270
2023-06-14 02:10,6.8,835,73,18,139270
2023-06-14 03:10,6.5,854,70,18,139270
2023-06-14 04:10,6.1,880,65,17.9,139270
2023-06-14 05:10,5.5,907,59,17.8,139270
2023-06-14 06:10,5.2,922,56,17.7,139270
2023-06-14 07:10,5.5,916,59,17.6,139270
2023-06-14 08:10,5.7,899,61,17.6,139270
2023-06-14 09:10,6,880,64,17.7,139270
2023-06-14 10:10,6,861,64,17.7,139270
2023-06-14 11:10,6,844,64,17.8,139270
2023-06-14 12:10,6.1,822,66,17.9,139270
2023-06-14 13:10,6.1,791,66,18.1,139270
2023-06-14 14:10,6,757,66,18.4,139270
2023-06-14 15:10,6.1,728,66,18.5,139270
2023-06-14 16:10,6,692,65,18.6,139270
2023-06-14 17:10,5.9,664,65,18.8,139270
2023-06-14 18:10,5.8,629,63,18.8,139270
2023-06-14 19:10,5.4,598,59,18.8,139270
2023-06-14 20:10,5.2,579,57,18.8,139270
2023-06-14 21:10,5.7,571,62,18.7,139270
2023-06-14 22:10,5.7,576,63,18.7,139270
2023-06-14 23:10,6.5,590,71,18.6,139270
2023-06-15 00:10,6.7,591,73,18.6,139270
2023-06-15 01:10,6.4,597,70,18.5,139270
2023-06-15 02:10,6.7,603,72,18.4,139270
2023-06-15 03:10,6.7,605,72,18.4,139270
2023-06-15 04:10,6.8,590,73,18.3,139270
2023-06-15 05:10,6.8,580,73,18.3,139270
2023-06-15 06:10,6.9,589,74,18.2,139270
2023-06-15 07:10,6.9,608,75,18.1,139270
2023-06-15 08:10,6.6,627,71,18.1,139270
2023-06-15 09:10,7,647,75,18.2,139270
2023-06-15 10:10,7.1,661,76,18.3,139270
2023-06-15 11:10,7.1,680,77,18.4,139270
2023-06-15 12:10,7.2,701,79,18.6,139270
2023-06-15 13:10,7.4,713,81,18.7,139270
2023-06-15 14:10,7.4,718,81,18.9,139270
2023-06-15 15:10,7.5,725,83,19,139270
2023-06-15 16:10,7.6,733,83,19.1,139270
2023-06-15 17:10,7.6,740,84,19.2,139270
2023-06-15 18:10,7.7,740,85,19.2,139270
2023-06-15 19:10,7.6,735,84,19.1,139270
2023-06-15 20:10,7.6,734,83,19,139270
2023-06-15 21:10,7.5,736,82,18.9,139270
2023-06-15 22:10,7.4,739,81,18.8,139270
2023-06-15 23:10,7.4,737,81,18.6,139270
2023-06-16 00:10,7.3,733,79,18.5,139270
2023-06-16 01:10,7.1,726,78,18.4,139270
2023-06-16 02:10,7.1,723,77,18.3,139270
2023-06-16 03:10,7.1,720,77,18.2,139270
2023-06-16 04:10,7.2,717,78,18.1,139270
2023-06-16 05:10,7.3,710,79,18,139270
2023-06-16 06:10,7.3,710,78,17.9,139270
2023-06-16 07:10,7.4,719,79,17.8,139270
2023-06-16 08:10,7.5,729,80,17.8,139270
2023-06-16 09:10,7.5,740,80,17.8,139270
2023-06-16 10:10,7.5,746,81,17.7,139270
2023-06-16 11:10,7.6,749,81,17.7,139270
2023-06-16 12:10,7.6,751,82,17.8,139270
2023-06-16 13:10,7.6,758,82,17.9,139270
2023-06-16 14:10,7.7,755,83,18,139270
2023-06-16 15:10,7.8,755,84,18.1,139270
2023-06-16 16:10,7.8,755,84,18.2,139270
2023-06-16 17:10,7.8,756,84,18.2,139270
2023-06-16 18:10,7.9,749,85,18.3,139270
2023-06-16 19:10,7.9,738,86,18.3,139270
2023-06-16 20:10,7.9,732,86,18.2,139270
2023-06-16 21:10,7.9,726,85,18.2,139270
2023-06-16 22:10,7.7,722,83,18.1,139270
2023-06-16 23:10,7.3,720,79,18.1,139270
2023-06-17 00:10,7.2,719,77,18,139270
2023-06-17 01:10,6.8,709,73,17.9,139270
2023-06-17 02:10,6.5,698,70,17.8,139270
2023-06-17 03:10,6.2,693,67,17.8,139270
2023-06-17 04:10,6.3,689,67,17.7,139270
2023-06-17 05:10,6.3,684,68,17.6,139270
2023-06-17 06:10,6.2,684,67,17.6,139270
2023-06-17 07:10,6.4,684,68,17.6,139270
2023-06-17 08:10,6.4,687,68,17.6,139270
2023-06-17 09:10,6.3,686,68,17.7,139270
2023-06-17 10:10,6.3,696,68,17.7,139270
2023-06-17 11:10,6.5,707,70,17.9,139270
2023-06-17 12:10,6.6,704,71,18.1,139270
2023-06-17 13:10,6.5,712,71,18.3,139270
2023-06-17 14:10,6.7,719,73,18.5,139270
2023-06-17 15:10,6.8,723,75,18.8,139270
2023-06-17 16:10,6.8,715,74,18.9,139270
2023-06-17 17:10,6.7,708,74,19,139270
2023-06-17 18:10,6.6,713,73,19.1,139270
2023-06-17 19:10,6.6,719,73,19.1,139270
2023-06-17 20:10,6.6,718,72,19.1,139270
2023-06-17 21:10,6.5,712,71,19,139270
2023-06-17 22:10,6.4,713,70,18.9,139270
2023-06-17 23:10,6.4,715,70,18.9,139270
2023-06-18 00:10,6.3,712,69,18.8,139270
2023-06-18 01:10,6.2,705,68,18.7,139270
2023-06-18 02:10,6.1,694,67,18.6,139270
2023-06-18 03:10,6.1,692,67,18.5,139270
2023-06-18 04:10,6.1,690,67,18.5,139270
2023-06-18 05:10,6,692,65,18.4,139270
2023-06-18 06:10,6.2,688,68,18.3,139270
2023-06-18 07:10,6.2,690,68,18.3,139270
2023-06-18 08:10,6.3,695,68,18.3,139270
2023-06-18 09:10,6.3,699,68,18.4,139270
2023-06-18 10:10,6.4,702,70,18.5,139270
2023-06-18 11:10,6.5,709,70,18.7,139270
2023-06-18 12:10,6.4,710,70,18.8,139270
2023-06-18 13:10,6.5,713,72,19,139270
2023-06-18 14:10,6.6,713,73,19.2,139270
2023-06-18 15:10,6.8,712,75,19.5,139270
2023-06-18 16:10,7.1,712,79,19.7,139270
2023-06-18 17:10,7.3,717,81,19.8,139270
2023-06-18 18:10,7.6,714,85,19.9,139270
2023-06-18 19:10,7.6,711,85,19.8,139270
2023-06-18 20:10,7.7,705,86,19.8,139270
2023-06-18 21:10,7.7,696,86,19.7,139270
2023-06-18 22:10,7.8,690,87,19.6,139270
2023-06-18 23:10,7.7,689,85,19.6,139270
2023-06-19 00:10,7.5,685,83,19.5,139270
2023-06-19 01:10,7.4,685,82,19.4,139270
2023-06-19 02:10,7.3,683,81,19.4,139270
2023-06-19 03:10,7.2,688,80,19.3,139270
2023-06-19 04:10,7.3,690,80,19.3,139270
2023-06-19 05:10,7.2,692,79,19.2,139270
2023-06-19 06:10,7.2,690,80,19.1,139270
2023-06-19 07:10,7.3,691,80,19.1,139270
2023-06-19 08:10,7.3,693,81,19.1,139270
2023-06-19 09:10,6.9,693,77,19.2,139270
2023-06-19 10:10,7.3,695,80,19.3,139270
2023-06-19 11:10,7.4,698,82,19.5,139270
2023-06-19 12:10,7.4,697,82,19.5,139270
2023-06-19 13:10,7.4,705,83,19.8,139270
2023-06-19 14:10,7.4,706,83,20.1,139270
2023-06-19 15:10,7.6,705,86,20.4,139270
2023-06-19 16:10,7.6,715,86,20.5,139270
2023-06-19 17:10,7.8,714,88,20.6,139270
2023-06-19 18:10,7.7,709,88,20.7,139270
2023-06-19 19:10,7.7,706,88,20.7,139270
2023-06-19 20:10,7.5,703,86,20.6,139270
2023-06-19 21:10,7.2,698,82,20.5,139270
2023-06-19 22:10,6.7,687,76,20.4,139270
2023-06-19 23:10,6.1,686,69,20.3,139270
2023-06-20 00:10,6,686,67,20.2,139270
2023-06-20 01:10,5.8,694,66,20.1,139270
2023-06-20 02:10,5.8,699,65,20,139270
2023-06-20 03:10,5.6,700,63,19.9,139270
2023-06-20 04:10,5.7,695,63,19.8,139270
2023-06-20 05:10,5.7,698,64,19.6,139270
2023-06-20 06:10,5.9,700,65,19.5,139270
2023-06-20 07:10,6.4,693,71,19.4,139270
2023-06-20 08:10,6.7,687,74,19.4,139270
2023-06-20 09:10,6.8,692,76,19.4,139270
2023-06-20 10:10,7,699,77,19.5,139270
2023-06-20 11:10,7,702,78,19.6,139270
2023-06-20 12:10,7,707,79,19.8,139270
2023-06-20 13:10,7.1,707,80,20,139270
2023-06-20 14:10,7.2,712,81,20.3,139270
2023-06-20 15:10,7.4,719,84,20.5,139270
2023-06-20 16:10,7.5,719,85,20.7,139270
2023-06-20 17:10,7.6,715,87,20.8,139270
2023-06-20 18:10,7.8,711,89,20.8,139270
2023-06-20 19:10,7.8,711,89,20.7,139270
2023-06-20 20:10,7.7,707,87,20.6,139270
2023-06-20 21:10,7.7,701,87,20.5,139270
2023-06-20 22:10,7.5,691,85,20.5,139270
2023-06-20 23:10,7.3,677,83,20.4,139270
2023-06-21 00:10,7.3,669,82,20.3,139270
2023-06-21 01:10,7.2,664,81,20.2,139270
2023-06-21 02:10,6.7,661,76,20.1,139270
2023-06-21 03:10,6.9,661,78,20.1,139270
2023-06-21 04:10,6.9,662,78,20,139270
2023-06-21 05:10,6.9,662,78,19.9,139270
2023-06-21 06:10,6.8,659,76,19.8,139270
2023-06-21 07:10,7.1,659,79,19.7,139270
2023-06-21 08:10,7.1,661,79,19.8,139270
2023-06-21 09:10,7.1,670,79,19.8,139270
2023-06-21 10:10,7.2,671,80,19.9,139270
2023-06-21 11:10,7.1,677,80,19.9,139270
2023-06-21 12:10,7.2,677,81,20.1,139270
2023-06-21 13:10,7.3,682,82,20.3,139270
2023-06-21 14:10,7.4,689,84,20.5,139270
2023-06-21 15:10,7.4,693,85,20.8,139270
2023-06-21 16:10,7.5,694,86,20.9,139270
2023-06-21 17:10,7.4,702,85,21.1,139270
2023-06-21 18:10,7.6,711,87,21.2,139270
2023-06-21 19:10,7.7,722,89,21.2,139270
2023-06-21 20:10,7.4,718,85,21.1,139270
2023-06-21 21:10,7.5,714,86,21,139270
2023-06-21 22:10,7.2,711,83,20.9,139270
2023-06-21 23:10,7.1,709,81,20.9,139270
2023-06-22 00:10,7.2,709,82,20.9,139270
2023-06-22 01:10,7.2,712,82,20.9,139270
2023-06-22 02:10,7,692,79,20.8,139270
2023-06-22 03:10,6.7,693,77,20.7,139270
2023-06-22 04:10,6.6,693,75,20.6,139270
2023-06-22 05:10,6.5,699,74,20.6,139270
2023-06-22 06:10,6,695,68,20.5,139270
2023-06-22 07:10,6.7,684,76,20.4,139270
2023-06-22 08:10,6.5,689,74,20.3,139270
2023-06-22 09:10,6.7,707,76,20.3,139270
2023-06-22 10:10,6.9,721,77,20.3,139270
2023-06-22 11:10,7,722,79,20.4,139270
2023-06-22 12:10,7,727,79,20.5,139270
2023-06-22 13:10,7.1,732,81,20.7,139270
2023-06-22 14:10,7.2,741,82,20.8,139270
2023-06-22 15:10,7.2,752,82,21.1,139270
2023-06-22 16:10,7.4,743,85,21.3,139270
2023-06-22 17:10,7.6,727,88,21.5,139270
2023-06-22 18:10,7.5,715,86,21.7,139270
2023-06-22 19:10,7.6,718,88,21.7,139270
2023-06-22 20:10,7.7,715,89,21.6,139270
2023-06-22 21:10,7.6,714,88,21.5,139270
2023-06-22 22:10,7.4,710,86,21.5,139270
2023-06-22 23:10,7.3,709,85,21.4,139270
2023-06-23 00:10,7.2,700,83,21.4,139270
2023-06-23 01:10,7.1,698,81,21.3,139270
2023-06-23 02:10,6.9,694,80,21.2,139270
2023-06-23 03:10,6.8,695,78,21.1,139270
2023-06-23 04:10,6.4,691,73,21,139270
2023-06-23 05:10,6.6,696,76,21,139270
2023-06-23 06:10,6.5,700,74,20.9,139270
2023-06-23 07:10,6.7,696,77,20.8,139270
2023-06-23 08:10,6.7,694,76,20.7,139270
2023-06-23 09:10,6.7,697,76,20.7,139270
2023-06-23 10:10,6.7,702,77,20.8,139270
2023-06-23 11:10,6.8,707,77,20.8,139270
2023-06-23 12:10,7,713,79,20.9,139270
2023-06-23 13:10,7.1,717,82,21.1,139270
2023-06-23 14:10,7.1,732,82,21.2,139270
2023-06-23 15:10,7.5,748,86,21.3,139270
2023-06-23 16:10,7.5,752,86,21.5,139270
2023-06-23 17:10,7.7,750,89,21.6,139270
2023-06-23 18:10,7.8,748,91,21.7,139270
2023-06-23 19:10,7.9,750,91,21.7,139270
2023-06-23 20:10,7.8,752,90,21.6,139270
2023-06-23 21:10,7.6,747,88,21.6,139270
2023-06-23 22:10,7.6,738,87,21.5,139270
2023-06-23 23:10,7.4,714,86,21.5,139270
2023-06-24 00:10,7.3,702,84,21.4,139270
2023-06-24 01:10,6.9,699,79,21.4,139270
2023-06-24 02:10,6.8,697,79,21.3,139270
2023-06-24 03:10,6.9,690,79,21.2,139270
2023-06-24 04:10,6.7,685,77,21.1,139270
2023-06-24 05:10,6.6,675,75,21,139270
2023-06-24 06:10,6.5,672,75,21,139270
2023-06-24 07:10,6.5,673,74,20.9,139270
2023-06-24 08:10,6.5,676,74,20.9,139270
2023-06-24 09:10,6.6,685,75,20.9,139270
2023-06-24 10:10,6.4,691,73,21,139270
2023-06-24 11:10,6.7,690,77,21,139270
2023-06-24 12:10,6.7,690,77,21.2,139270
2023-06-24 13:10,6.9,695,80,21.5,139270
2023-06-24 14:10,7.1,703,82,21.7,139270
2023-06-24 15:10,7,710,81,21.8,139270
2023-06-24 16:10,7.2,712,85,22,139270
2023-06-24 17:10,7.4,713,87,22.2,139270
2023-06-24 18:10,6.9,724,81,22.2,139270
2023-06-24 19:10,7.5,739,88,22.1,139270
2023-06-24 20:10,7.5,745,87,22.1,139270
2023-06-24 21:10,7.5,741,87,22,139270
2023-06-24 22:10,7.4,738,87,21.9,139270
2023-06-24 23:10,7.1,741,83,21.9,139270
2023-06-25 00:10,7,746,81,21.8,139270
2023-06-25 01:10,6.9,746,80,21.8,139270
2023-06-25 02:10,6.7,738,78,21.7,139270
2023-06-25 03:10,6.4,718,74,21.7,139270
2023-06-25 04:10,6.6,691,76,21.6,139270
2023-06-25 05:10,6.3,693,73,21.6,139270
2023-06-25 06:10,6.3,694,73,21.5,139270
2023-06-25 07:10,6.3,693,72,21.5,139270
2023-06-25 08:10,6.4,696,74,21.4,139270
2023-06-25 09:10,6.6,704,76,21.4,139270
2023-06-25 10:10,6.8,713,78,21.4,139270
2023-06-25 11:10,6.9,725,80,21.5,139270
2023-06-25 12:10,7,743,82,21.7,139270
2023-06-25 13:10,7.1,791,83,21.8,139270
2023-06-25 14:10,7,827,82,22,139270
2023-06-25 15:10,6.9,854,81,22,139270
2023-06-25 16:10,6.8,864,80,22,139270
2023-06-25 17:10,6.8,864,79,21.9,139270
2023-06-25 18:10,6.5,821,76,21.8,139270
2023-06-25 19:10,5.9,772,68,21.7,139270
2023-06-25 20:10,5.2,727,60,21.7,139270
2023-06-25 21:10,4.6,680,54,21.8,139270
2023-06-25 22:10,4.5,652,52,21.8,139270
2023-06-25 23:10,4.7,648,55,21.7,139270
2023-06-26 00:10,5,673,57,21.6,139270
2023-06-26 01:10,5.1,696,59,21.5,139270
2023-06-26 02:10,5,686,58,21.4,139270
2023-06-26 03:10,4.8,657,55,21.3,139270
2023-06-26 04:10,4.7,622,54,21.3,139270
2023-06-26 05:10,4.2,602,48,21.3,139270
2023-06-26 06:10,4.4,605,50,21.2,139270
2023-06-26 07:10,4.4,623,51,21.2,139270
2023-06-26 08:10,4.5,634,52,21.3,139270
2023-06-26 09:10,5.2,646,60,21.4,139270
2023-06-26 10:10,5.7,652,66,21.5,139270
2023-06-26 11:10,5.9,656,68,21.5,139270
2023-06-26 12:10,6,661,69,21.5,139270
2023-06-26 13:10,6,658,69,21.5,139270
2023-06-26 14:10,6.3,657,72,21.5,139270
2023-06-26 15:10,6.3,650,73,21.5,139270
2023-06-26 16:10,6,651,69,21.3,139270
2023-06-26 17:10,6.5,652,75,21.2,139270
2023-06-26 18:10,6.6,644,76,21.1,139270
2023-06-26 19:10,6.6,648,75,21.1,139270
2023-06-26 20:10,6.5,646,74,21,139270
2023-06-26 21:10,6.7,648,76,21,139270
2023-06-26 22:10,6.6,650,75,21.1,139270
2023-06-26 23:10,6.6,662,76,21,139270
2023-06-27 00:10,6.3,682,71,20.9,139270
2023-06-27 01:10,6.7,693,77,20.8,139270
2023-06-27 02:10,6.7,697,76,20.7,139270
2023-06-27 03:10,6.7,691,76,20.7,139270
2023-06-27 04:10,6.7,682,76,20.7,139270
2023-06-27 05:10,6.7,678,76,20.7,139270
2023-06-27 06:10,6.3,674,72,20.6,139270
2023-06-27 07:10,6.7,681,77,20.5,139270
2023-06-27 08:10,6.7,690,75,20.5,139270
2023-06-27 09:10,6.6,699,74,20.4,139270
2023-06-27 10:10,6.6,703,75,20.3,139270
2023-06-27 11:10,6.7,707,75,20.4,139270
2023-06-27 12:10,6.8,706,77,20.5,139270
2023-06-27 13:10,6.9,714,78,20.6,139270
2023-06-27 14:10,6.9,724,78,20.6,139270
2023-06-27 15:10,6.9,718,79,20.8,139270
2023-06-27 16:10,6.2,715,71,20.8,139270
2023-06-27 17:10,7.1,702,81,20.9,139270
2023-06-27 18:10,7.4,696,84,20.9,139270
2023-06-27 19:10,7.3,698,83,20.9,139270
2023-06-27 20:10,7.3,703,83,20.8,139270
2023-06-27 21:10,7.2,707,82,20.7,139270
2023-06-27 22:10,7.2,711,82,20.7,139270
2023-06-27 23:10,7.1,711,81,20.6,139270
2023-06-28 00:10,7.1,701,80,20.5,139270
2023-06-28 01:10,7,704,79,20.4,139270
2023-06-28 02:10,6.9,709,78,20.3,139270
2023-06-28 03:10,6.9,709,77,20.2,139270
2023-06-28 04:10,6.8,704,76,20.1,139270
2023-06-28 05:10,6.7,699,75,20,139270
2023-06-28 06:10,6.5,699,73,19.9,139270
2023-06-28 07:10,6.3,705,71,19.9,139270
2023-06-28 08:10,6.2,717,69,19.9,139270
2023-06-28 09:10,6.1,727,68,19.9,139270
2023-06-28 10:10,6.1,729,68,19.9,139270
2023-06-28 11:10,6.4,729,71,20,139270
2023-06-28 12:10,6.4,735,72,20.1,139270
2023-06-28 13:10,6.5,740,73,20.3,139270
2023-06-28 14:10,6.8,745,77,20.6,139270
2023-06-28 15:10,7.3,747,82,20.7,139270
2023-06-28 16:10,7.6,749,87,20.9,139270
2023-06-28 17:10,7.8,751,90,21,139270
2023-06-28 18:10,8,753,92,21.1,139270
2023-06-28 19:10,8.1,753,93,21.2,139270
2023-06-28 20:10,8.1,752,93,21.1,139270
2023-06-28 21:10,8.1,749,93,21.1,139270
2023-06-28 22:10,8,747,92,21.1,139270
2023-06-28 23:10,7.9,743,90,21,139270
2023-06-29 00:10,7.7,740,88,21,139270
2023-06-29 01:10,7.6,738,87,20.9,139270
2023-06-29 02:10,7.5,737,85,20.8,139270
2023-06-29 03:10,7.4,736,84,20.8,139270
2023-06-29 04:10,7.3,740,83,20.7,139270
2023-06-29 05:10,7.2,748,82,20.7,139270
2023-06-29 06:10,7.2,755,82,20.6,139270
2023-06-29 07:10,7.3,756,82,20.5,139270
2023-06-29 08:10,7.3,752,83,20.5,139270
2023-06-29 09:10,7.4,750,84,20.5,139270
2023-06-29 10:10,7.5,749,85,20.7,139270
2023-06-29 11:10,7.5,750,85,20.9,139270
2023-06-29 12:10,7.5,751,86,21.1,139270
2023-06-29 13:10,7.5,752,87,21.2,139270
2023-06-29 14:10,7.5,757,86,21.3,139270
2023-06-29 15:10,7.4,760,85,21.4,139270
2023-06-29 16:10,7,737,81,21.6,139270
2023-06-29 17:10,6.8,714,79,21.8,139270
2023-06-29 18:10,6.7,708,77,21.7,139270
2023-06-29 19:10,6.4,691,74,21.6,139270
2023-06-29 20:10,6.1,705,70,21.5,139270
2023-06-29 21:10,6,743,69,21.5,139270
2023-06-29 22:10,6,768,69,21.5,139270
2023-06-29 23:10,6.2,826,72,21.6,139270
2023-06-30 00:10,6.3,854,72,21.6,139270
2023-06-30 01:10,6.1,863,71,21.5,139270
2023-06-30 02:10,5.9,856,68,21.3,139270
2023-06-30 03:10,5.5,823,63,21.2,139270
2023-06-30 04:10,5.2,784,60,21.1,139270
2023-06-30 05:10,5,752,57,21,139270
2023-06-30 06:10,4.7,731,54,21,139270
2023-06-30 07:10,4.6,710,52,21,139270
2023-06-30 08:10,4.5,685,52,21.2,139270
2023-06-30 09:10,4.5,664,52,21.4,139270
2023-06-30 10:10,4.6,647,53,21.6,139270
2023-06-30 11:10,4.8,631,55,21.8,139270
2023-06-30 12:10,5.1,618,60,22,139270
2023-06-30 13:10,5.5,604,64,22.3,139270
2023-06-30 14:10,5.8,589,68,22.5,139270
2023-06-30 15:10,6.1,574,72,22.7,139270
2023-06-30 16:10,6.4,559,75,22.9,139270
2023-06-30 17:10,6.5,550,77,22.9,139270
2023-06-30 18:10,6.6,545,78,22.9,139270
2023-06-30 19:10,6.6,541,78,22.9,139270
2023-06-30 20:10,6.6,538,78,22.9,139270
2023-06-30 21:10,6.5,537,77,22.9,139270
2023-06-30 22:10,6.5,540,77,22.8,139270
2023-06-30 23:10,6.4,546,76,22.8,139270
2023-07-01 00:10,6.3,558,75,22.7,139270
2023-07-01 01:10,6.2,570,73,22.7,139270
2023-07-01 02:10,6.2,593,73,22.6,139270
2023-07-01 03:10,6.2,609,72,22.6,139270
2023-07-01 04:10,6.2,628,73,22.5,139270
2023-07-01 05:10,6.3,655,74,22.3,139270
2023-07-01 06:10,6.4,679,75,22.2,139270
2023-07-01 07:10,6.5,689,76,22,139270
2023-07-01 08:10,6.6,696,77,22,139270
2023-07-01 09:10,6.7,706,78,21.9,139270
2023-07-01 10:10,6.8,724,79,21.8,139270
2023-07-01 11:10,6.8,745,79,21.7,139270
2023-07-01 12:10,6.9,765,80,21.7,139270
2023-07-01 13:10,6.9,773,80,21.8,139270
2023-07-01 14:10,7,772,81,21.9,139270
2023-07-01 15:10,7.1,764,82,22,139270
2023-07-01 16:10,7.1,752,83,22,139270
2023-07-01 17:10,7.2,739,84,22.1,139270
2023-07-01 18:10,7.3,724,86,22.1,139270
2023-07-01 19:10,7.3,707,85,22.2,139270
2023-07-01 20:10,7.3,707,86,22.1,139270
2023-07-01 21:10,7.3,700,86,22,139270
2023-07-01 22:10,7.3,693,85,21.9,139270
2023-07-01 23:10,7.2,690,84,21.7,139270
2023-07-02 00:10,7.3,713,84,21.5,139270
2023-07-02 01:10,7.3,748,84,21.3,139270
2023-07-02 02:10,7.3,766,84,21.2,139270
2023-07-02 03:10,7.4,781,84,21,139270
2023-07-02 04:10,7.3,798,83,20.9,139270
2023-07-02 05:10,7.1,814,81,20.8,139270
2023-07-02 06:10,7,825,80,20.7,139270
2023-07-02 07:10,7,811,79,20.6,139270
2023-07-02 08:10,7.2,714,81,20.7,139270
2023-07-02 09:10,6.9,755,78,20.7,139270
2023-07-02 10:10,6.7,755,76,20.8,139270
2023-07-02 11:10,6.5,702,74,20.9,139270
2023-07-02 12:10,6.7,549,76,21,139270
2023-07-02 13:10,6.6,304,75,20.8,139270
2023-07-02 14:10,7.1,244,81,20.6,139270
2023-07-02 15:10,7.4,344,84,20.3,139270
2023-07-02 16:10,7.7,243,86,19.8,139270
2023-07-02 17:10,7.5,241,83,19.7,139270
2023-07-02 18:10,7.1,253,79,19.8,139270
2023-07-02 19:10,6.7,298,75,19.9,139270
2023-07-02 20:10,6.4,345,72,20.2,139270
2023-07-02 21:10,6,474,67,20.1,139270
2023-07-02 22:10,5.8,444,64,20,139270
2023-07-02 23:10,5.6,427,63,20,139270
2023-07-03 00:10,5.7,417,63,19.9,139270
2023-07-03 01:10,6.1,418,68,19.8,139270
2023-07-03 02:10,6.2,417,68,19.7,139270
2023-07-03 03:10,6.1,426,68,19.7,139270
2023-07-03 04:10,6.3,459,70,19.7,139270
2023-07-03 05:10,6.5,503,72,19.6,139270
2023-07-03 06:10,6.6,546,73,19.5,139270
2023-07-03 07:10,6.7,572,74,19.5,139270
2023-07-03 08:10,6.6,606,73,19.5,139270
2023-07-03 09:10,6.5,638,73,19.5,139270
2023-07-03 10:10,6.5,671,72,19.7,139270
2023-07-03 11:10,6.7,641,75,19.9,139270
2023-07-03 12:10,7.3,608,82,20.1,139270
2023-07-03 13:10,7.3,622,83,20.3,139270
2023-07-03 14:10,7.3,634,83,20.5,139270
2023-07-03 15:10,7.3,647,83,20.7,139270
2023-07-03 16:10,7.3,658,83,20.8,139270
2023-07-03 17:10,7.3,678,83,20.9,139270
2023-07-03 18:10,7.2,703,82,20.9,139270
2023-07-03 19:10,7.3,723,82,20.8,139270
2023-07-03 20:10,7.1,743,81,20.8,139270
2023-07-03 21:10,7.1,768,80,20.7,139270
2023-07-03 22:10,7,789,79,20.6,139270
2023-07-03 23:10,6.8,808,77,20.6,139270
2023-07-04 00:10,6.7,822,76,20.5,139270
2023-07-04 01:10,6.4,831,72,20.5,139270
2023-07-04 02:10,6.2,838,70,20.5,139270
2023-07-04 03:10,6.1,845,69,20.5,139270
2023-07-04 04:10,6,852,68,20.5,139270
2023-07-04 05:10,6,861,68,20.5,139270
2023-07-04 06:10,5.9,864,67,20.6,139270
2023-07-04 07:10,5.8,856,66,20.7,139270
2023-07-04 08:10,5.9,856,67,20.8,139270
2023-07-04 09:10,6,858,68,20.9,139270
2023-07-04 10:10,6,866,69,21,139270
2023-07-04 11:10,6.1,871,69,21.3,139270
2023-07-04 12:10,6.1,877,70,21.5,139270
2023-07-04 13:10,6.4,879,74,21.6,139270
2023-07-04 14:10,6.9,874,79,21.8,139270
2023-07-04 15:10,6.9,852,81,21.9,139270
2023-07-04 16:10,7,843,82,22,139270
2023-07-04 17:10,7.2,849,84,22.2,139270
2023-07-04 18:10,7.3,892,85,22,139270
2023-07-04 19:10,7.2,917,84,21.8,139270
2023-07-04 20:10,7,840,82,21.9,139270
2023-07-04 21:10,7.1,797,82,22,139270
2023-07-04 22:10,7.2,784,84,22,139270
2023-07-04 23:10,7.2,783,84,21.9,139270
2023-07-05 00:10,7.2,789,84,21.8,139270
2023-07-05 01:10,7.2,835,83,21.6,139270
2023-07-05 02:10,7.2,880,82,21.3,139270
2023-07-05 03:10,7.1,891,82,21.2,139270
2023-07-05 04:10,7,888,80,21.1,139270
2023-07-05 05:10,7,849,79,21,139270
2023-07-05 06:10,6.9,812,79,21,139270
2023-07-05 07:10,7,795,79,21,139270
2023-07-05 08:10,7,789,79,21,139270
2023-07-05 09:10,7,788,80,21.1,139270
2023-07-05 10:10,7.1,787,81,21.3,139270
2023-07-05 11:10,7.1,784,81,21.5,139270
2023-07-05 12:10,7.2,781,83,21.8,139270
2023-07-05 13:10,7.3,779,85,22,139270
2023-07-05 14:10,7.3,779,85,22.1,139270
2023-07-05 15:10,7.3,779,85,22.1,139270
2023-07-05 16:10,7.4,769,86,22.2,139270
2023-07-05 17:10,7.4,767,86,22.2,139270
2023-07-05 18:10,7.3,784,84,22.1,139270
2023-07-05 19:10,7.2,809,83,22,139270
2023-07-05 20:10,6.9,814,80,21.9,139270
2023-07-05 21:10,6,757,69,21.5,139270
2023-07-05 22:10,5.6,895,64,21.6,139270
2023-07-05 23:10,1,678,11,22.8,139270
2023-07-06 00:10,3.3,712,38,22.5,139270
2023-07-06 01:10,4,706,46,21.9,139270
2023-07-06 02:10,4.2,717,48,21.6,139270
2023-07-06 03:10,5.1,765,59,21.4,139270
2023-07-06 04:10,5.9,830,68,21.4,139270
2023-07-06 05:10,6.3,872,72,21.4,139270
2023-07-06 06:10,6.2,842,71,21.3,139270
2023-07-06 07:10,6.1,782,69,21.3,139270
2023-07-06 08:10,6,735,69,21.4,139270
2023-07-06 09:10,6,692,69,21.5,139270
2023-07-06 10:10,6.1,668,71,21.7,139270
2023-07-06 11:10,6.3,672,73,21.8,139270
2023-07-06 12:10,6.4,684,75,22.1,139270
2023-07-06 13:10,6.5,695,76,22.2,139270
2023-07-06 14:10,6.6,711,77,22.4,139270
2023-07-06 15:10,6.6,722,78,22.5,139270
2023-07-06 16:10,6.7,697,79,22.6,139270
2023-07-06 17:10,6.9,656,81,22.6,139270
2023-07-06 18:10,7,644,82,22.6,139270
2023-07-06 19:10,7.1,654,83,22.5,139270
2023-07-06 20:10,7.1,673,82,22.3,139270
2023-07-06 21:10,7.1,686,82,22.1,139270
2023-07-06 22:10,7.1,697,82,22,139270
2023-07-06 23:10,7,701,81,21.8,139270
2023-07-07 00:10,7.1,704,82,21.7,139270
2023-07-07 01:10,7.1,707,82,21.6,139270
2023-07-07 02:10,7.1,714,81,21.4,139270
2023-07-07 03:10,7.1,721,81,21.3,139270
2023-07-07 04:10,7.1,727,81,21.2,139270
2023-07-07 05:10,7.1,733,81,21,139270
2023-07-07 06:10,7.1,722,81,20.9,139270
2023-07-07 07:10,7.2,699,82,20.8,139270
2023-07-07 08:10,7.3,697,82,20.7,139270
2023-07-07 09:10,7.3,701,83,20.7,139270
2023-07-07 10:10,7.4,699,84,20.7,139270
2023-07-07 11:10,7.5,705,85,20.9,139270
2023-07-07 12:10,7.5,704,86,21.2,139270
2023-07-07 13:10,7.6,711,88,21.6,139270
2023-07-07 14:10,7.8,731,90,21.8,139270
2023-07-07 15:10,7.9,757,91,22,139270
2023-07-07 16:10,7.9,761,92,22.1,139270
2023-07-07 17:10,8,723,93,22.2,139270
2023-07-07 18:10,8,712,93,22.2,139270
2023-07-07 19:10,7.9,752,92,22.2,139270
2023-07-07 20:10,7.8,803,91,22.1,139270
2023-07-07 21:10,7.6,831,88,21.9,139270
2023-07-07 22:10,7.5,838,87,21.9,139270
2023-07-07 23:10,7.4,841,86,21.8,139270
2023-07-08 00:10,7.3,843,85,21.7,139270
2023-07-08 01:10,7.3,845,84,21.7,139270
2023-07-08 02:10,7.2,844,83,21.6,139270
2023-07-08 03:10,7.1,856,81,21.5,139270
2023-07-08 04:10,6.9,897,79,21.3,139270
2023-07-08 05:10,6.6,916,75,21.2,139270
2023-07-08 06:10,6.6,924,75,21.2,139270
2023-07-08 07:10,6.6,929,76,21.1,139270
2023-07-08 08:10,6.7,930,76,21.1,139270
2023-07-08 09:10,6.6,940,76,21.1,139270
2023-07-08 10:10,6.7,940,76,21.1,139270
2023-07-08 11:10,6.6,943,75,21.1,139270
2023-07-08 12:10,6.6,935,76,21,139270
2023-07-08 13:10,6.8,929,78,21,139270
2023-07-08 14:10,6.6,919,75,21.1,139270
2023-07-08 15:10,6.8,908,78,21.2,139270
2023-07-08 16:10,7.1,924,81,21.3,139270
2023-07-08 17:10,7.3,954,83,21.3,139270
2023-07-08 18:10,7.6,981,87,21.3,139270
2023-07-08 19:10,7.7,989,88,21.3,139270
2023-07-08 20:10,7.7,983,88,21.2,139270
2023-07-08 21:10,7.6,975,87,21.2,139270
2023-07-08 22:10,7.5,964,85,21.1,139270
2023-07-08 23:10,7.4,954,84,21,139270
2023-07-09 00:10,7.2,951,82,20.9,139270
2023-07-09 01:10,7.2,951,81,20.9,139270
2023-07-09 02:10,7.1,936,80,20.8,139270
2023-07-09 03:10,7,913,80,20.7,139270
2023-07-09 04:10,7,888,79,20.6,139270
2023-07-09 05:10,7,871,79,20.5,139270
2023-07-09 06:10,7,855,79,20.4,139270
2023-07-09 07:10,7,836,79,20.4,139270
2023-07-09 08:10,7.1,808,79,20.5,139270
2023-07-09 09:10,7.1,794,80,20.6,139270
2023-07-09 10:10,7.1,786,80,20.7,139270
2023-07-09 11:10,7.2,788,81,20.8,139270
2023-07-09 12:10,7.2,791,82,21,139270
2023-07-09 13:10,7.3,793,83,21.2,139270
2023-07-09 14:10,7.4,789,85,21.4,139270
2023-07-09 15:10,7.4,790,85,21.6,139270
2023-07-09 16:10,7.6,783,87,21.6,139270
2023-07-09 17:10,7.5,777,87,21.7,139270
2023-07-09 18:10,7.6,777,87,21.7,139270
2023-07-09 19:10,7.5,773,87,21.8,139270
2023-07-09 20:10,7.4,770,85,21.7,139270
2023-07-09 21:10,7.3,769,85,21.6,139270
2023-07-09 22:10,7.3,768,84,21.6,139270
2023-07-09 23:10,7.1,768,82,21.5,139270
2023-07-10 00:10,7.1,773,82,21.4,139270
2023-07-10 01:10,7.1,777,81,21.4,139270
2023-07-10 02:10,7,783,80,21.4,139270
2023-07-10 03:10,7,785,80,21.4,139270
2023-07-10 04:10,7.1,789,81,21.3,139270
2023-07-10 05:10,7.1,793,81,21.3,139270
2023-07-10 06:10,7.1,795,81,21.2,139270
2023-07-10 07:10,7.1,803,81,21.1,139270
2023-07-10 08:10,7.1,813,81,21.1,139270
2023-07-10 09:10,7.1,826,81,21.1,139270
2023-07-10 10:10,7.1,833,81,21.1,139270
2023-07-10 11:10,7.2,840,82,21.2,139270
2023-07-10 12:10,7.2,843,83,21.3,139270
2023-07-10 13:10,7.2,842,83,21.6,139270
2023-07-10 14:10,7.4,840,86,21.8,139270
2023-07-10 15:10,7.6,839,88,22.1,139270
2023-07-10 16:10,7.6,831,89,22.3,139270
2023-07-10 17:10,7.7,823,90,22.4,139270
2023-07-10 18:10,7.7,816,90,22.4,139270
2023-07-10 19:10,7.7,808,90,22.4,139270
2023-07-10 20:10,7.6,803,89,22.4,139270
2023-07-10 21:10,7.4,798,87,22.3,139270
2023-07-10 22:10,7.3,793,85,22.3,139270
2023-07-10 23:10,7.1,791,83,22.2,139270
2023-07-11 00:10,7,786,81,22.2,139270
2023-07-11 01:10,7,784,81,22.1,139270
2023-07-11 02:10,7,786,81,22.1,139270
2023-07-11 03:10,7,785,81,22,139270
2023-07-11 04:10,7,786,81,22,139270
2023-07-11 05:10,7,785,82,22,139270
2023-07-11 06:10,7,785,81,21.9,139270
2023-07-11 07:10,7,786,81,21.9,139270
2023-07-11 08:10,6.9,787,80,21.8,139270
2023-07-11 09:10,6.9,792,80,21.8,139270
2023-07-11 10:10,6.9,794,80,21.9,139270
2023-07-11 11:10,7,795,81,22,139270
2023-07-11 12:10,7,794,82,22.2,139270
2023-07-11 13:10,7.1,790,83,22.1,139270
2023-07-11 14:10,7.2,780,84,22.1,139270
2023-07-11 15:10,7.4,759,86,22.1,139270
2023-07-11 16:10,7.4,766,87,22.2,139270
2023-07-11 17:10,7.4,761,86,22.2,139270
2023-07-11 18:10,7.3,747,85,22.2,139270
2023-07-11 19:10,7.4,742,86,22.2,139270
2023-07-11 20:10,7.5,750,87,22,139270
2023-07-11 21:10,7.5,820,87,21.8,139270
2023-07-11 22:10,7.3,891,84,21.6,139270
2023-07-11 23:10,7,984,81,21.5,139270
2023-07-12 00:10,6.9,1005,80,21.5,139270
2023-07-12 01:10,6.7,1006,77,21.4,139270
2023-07-12 02:10,6.4,967,73,21.3,139270
2023-07-12 03:10,6.2,889,71,21.2,139270
2023-07-12 04:10,6.2,818,70,21.1,139270
2023-07-12 05:10,6.2,761,70,21,139270
2023-07-12 06:10,6.3,719,71,21,139270
2023-07-12 07:10,6.3,699,72,21,139270
2023-07-12 08:10,6.4,707,73,21,139270
2023-07-12 09:10,6.6,699,75,21,139270
2023-07-12 10:10,6.7,675,76,21,139270
2023-07-12 11:10,7,651,79,21.1,139270
2023-07-12 12:10,6.8,622,78,21.2,139270
2023-07-12 13:10,6.8,599,78,21.2,139270
2023-07-12 14:10,7,607,80,21.1,139270
2023-07-12 15:10,7,643,79,21.1,139270
2023-07-12 16:10,6.9,680,79,21.1,139270
2023-07-12 17:10,6.8,712,78,21,139270
2023-07-12 18:10,6.7,746,76,21,139270
2023-07-12 19:10,6.8,746,77,20.9,139270
2023-07-12 20:10,7,731,79,20.9,139270
2023-07-12 21:10,7.2,735,81,20.7,139270
2023-07-12 22:10,7.2,757,82,20.6,139270
2023-07-12 23:10,7.1,760,80,20.5,139270
2023-07-13 00:10,7,763,79,20.4,139270
2023-07-13 01:10,6.9,731,77,20.4,139270
2023-07-13 02:10,6.9,680,77,20.4,139270
2023-07-13 03:10,6.9,638,77,20.4,139270
2023-07-13 04:10,6.9,585,78,20.4,139270
2023-07-13 05:10,7,564,79,20.4,139270
2023-07-13 06:10,7.1,554,80,20.5,139270
2023-07-13 07:10,7.1,535,80,20.5,139270
2023-07-13 08:10,7.1,508,80,20.5,139270
2023-07-13 09:10,7.1,507,80,20.5,139270
2023-07-13 10:10,7.1,523,80,20.5,139270
2023-07-13 11:10,7.1,544,80,20.6,139270
2023-07-13 12:10,7.1,541,81,20.7,139270
2023-07-13 13:10,7.1,528,81,20.9,139270
2023-07-13 14:10,7.1,520,81,21.1,139270
2023-07-13 15:10,7.2,525,82,21.3,139270
2023-07-13 16:10,7.3,543,83,21.5,139270
2023-07-13 17:10,7.2,568,83,21.5,139270
2023-07-13 18:10,7.2,583,83,21.5,139270
2023-07-13 19:10,7.3,599,84,21.4,139270
2023-07-13 20:10,7.3,620,84,21.3,139270
2023-07-13 21:10,7.3,644,83,21.3,139270
2023-07-13 22:10,7.3,656,83,21.2,139270
2023-07-13 23:10,7.3,675,83,21.1,139270
2023-07-14 00:10,7.2,687,82,21,139270
2023-07-14 01:10,7.2,701,81,21,139270
2023-07-14 02:10,7.1,713,81,20.9,139270
2023-07-14 03:10,7.1,723,81,20.8,139270
2023-07-14 04:10,7.1,733,80,20.8,139270
2023-07-14 05:10,7.1,742,80,20.7,139270
2023-07-14 06:10,7.1,744,80,20.6,139270
2023-07-14 07:10,7,750,79,20.6,139270
2023-07-14 08:10,7.1,763,80,20.6,139270
2023-07-14 09:10,7.1,773,80,20.7,139270
2023-07-14 10:10,7.1,785,80,20.7,139270
2023-07-14 11:10,7.1,790,80,20.9,139270
2023-07-14 12:10,7.1,785,81,21.2,139270
2023-07-14 13:10,7.3,786,84,21.5,139270
2023-07-14 14:10,7.4,785,86,21.7,139270
2023-07-14 15:10,7.7,785,89,22,139270
2023-07-14 16:10,7.8,790,91,22.2,139270
2023-07-14 17:10,7.8,789,91,22.3,139270
2023-07-14 18:10,7.8,790,91,22.4,139270
2023-07-14 19:10,7.7,784,90,22.4,139270
2023-07-14 20:10,7.6,789,88,22.4,139270
2023-07-14 21:10,7.4,784,87,22.4,139270
2023-07-14 22:10,7.3,788,85,22.4,139270
2023-07-14 23:10,7.1,792,83,22.4,139270
2023-07-15 00:10,7,812,82,22.3,139270
2023-07-15 01:10,6.9,864,80,22.1,139270
2023-07-15 02:10,6.8,898,79,21.8,139270
2023-07-15 03:10,6.7,911,77,21.6,139270
2023-07-15 04:10,6.4,887,73,21.6,139270
2023-07-15 05:10,6.3,887,72,21.6,139270
2023-07-15 06:10,6.1,926,70,21.4,139270
2023-07-15 07:10,5.9,975,68,21.2,139270
2023-07-15 08:10,5.8,994,66,21.2,139270
2023-07-15 09:10,5.5,994,63,21.4,139270
2023-07-15 10:10,5.5,986,63,21.6,139270
2023-07-15 11:10,5.3,973,61,21.8,139270
2023-07-15 12:10,5.2,959,60,22.2,139270
2023-07-15 13:10,5.4,935,63,22.5,139270
2023-07-15 14:10,5.5,914,64,22.7,139270
2023-07-15 15:10,5.5,883,65,22.9,139270
2023-07-15 16:10,5.6,855,66,23,139270
2023-07-15 17:10,5.8,822,69,23.1,139270
2023-07-15 18:10,6.1,764,73,23.2,139270
2023-07-15 19:10,6.4,726,76,23.2,139270
2023-07-15 20:10,6.5,698,77,23.1,139270
2023-07-15 21:10,6.6,683,78,23,139270
2023-07-15 22:10,6.7,682,78,22.9,139270
2023-07-15 23:10,6.7,684,78,22.8,139270
2023-07-16 00:10,6.6,693,77,22.6,139270
2023-07-16 01:10,6.5,704,76,22.5,139270
2023-07-16 02:10,6.5,719,76,22.4,139270
2023-07-16 03:10,6.6,730,76,22.3,139270
2023-07-16 04:10,6.6,747,76,22.2,139270
2023-07-16 05:10,6.6,759,76,22.1,139270
2023-07-16 06:10,6.6,770,76,22,139270
2023-07-16 07:10,6.5,776,75,21.9,139270
2023-07-16 08:10,6.5,781,75,21.8,139270
2023-07-16 09:10,6.4,781,74,21.8,139270
2023-07-16 10:10,6.5,780,75,21.8,139270
2023-07-16 11:10,6.5,762,75,22,139270
2023-07-16 12:10,6.7,746,77,22.2,139270
2023-07-16 13:10,6.6,740,76,22.4,139270
2023-07-16 14:10,6.9,740,80,22.5,139270
2023-07-16 15:10,7.1,741,83,22.6,139270
2023-07-16 16:10,7.1,744,83,22.7,139270
2023-07-16 17:10,7.4,746,86,22.7,139270
2023-07-16 18:10,7.4,746,87,22.7,139270
2023-07-16 19:10,7.3,747,85,22.7,139270
2023-07-16 20:10,7.3,741,86,22.6,139270
2023-07-16 21:10,7.3,733,85,22.6,139270
2023-07-16 22:10,7.2,728,85,22.5,139270
2023-07-16 23:10,7.1,728,83,22.4,139270
2023-07-17 00:10,7,730,81,22.3,139270
2023-07-17 01:10,6.9,733,81,22.3,139270
2023-07-17 02:10,7,738,81,22.2,139270
2023-07-17 03:10,6.9,743,80,22.1,139270
2023-07-17 04:10,6.9,747,80,22,139270
2023-07-17 05:10,7,749,81,21.9,139270
2023-07-17 06:10,7.1,752,81,21.8,139270
2023-07-17 07:10,7.1,755,82,21.7,139270
2023-07-17 08:10,7.2,760,82,21.7,139270
2023-07-17 09:10,7.1,765,82,21.7,139270
2023-07-17 10:10,7.1,768,82,21.7,139270
2023-07-17 11:10,7.2,774,82,21.8,139270
2023-07-17 12:10,7.2,781,83,21.9,139270
2023-07-17 13:10,7.3,784,84,22.1,139270
2023-07-17 14:10,7.3,784,85,22.3,139270
2023-07-17 15:10,7.7,782,90,22.5,139270
2023-07-17 16:10,7.7,779,91,22.6,139270
2023-07-17 17:10,7.8,777,92,22.6,139270
2023-07-17 18:10,7.8,773,91,22.6,139270
2023-07-17 19:10,7.8,769,92,22.6,139270
2023-07-17 20:10,7.7,762,90,22.5,139270
2023-07-17 21:10,7.6,755,89,22.5,139270
2023-07-17 22:10,7.4,750,87,22.4,139270
2023-07-17 23:10,7.3,747,85,22.3,139270
2023-07-18 00:10,7.2,747,84,22.2,139270
2023-07-18 01:10,7.1,749,83,22.2,139270
2023-07-18 02:10,7.1,750,82,22.1,139270
2023-07-18 03:10,7.1,754,82,22,139270
2023-07-18 04:10,7.1,758,82,21.9,139270
2023-07-18 05:10,7.1,761,82,21.8,139270
2023-07-18 06:10,7.1,764,81,21.7,139270
2023-07-18 07:10,7,768,81,21.6,139270
2023-07-18 08:10,7,771,80,21.5,139270
2023-07-18 09:10,6.9,775,79,21.5,139270
2023-07-18 10:10,6.7,779,77,21.5,139270
2023-07-18 11:10,6.4,781,74,21.6,139270
2023-07-18 12:10,6.2,777,72,21.7,139270
2023-07-18 13:10,6.2,779,72,21.9,139270
2023-07-18 14:10,6.3,774,73,22.2,139270
2023-07-18 15:10,6.3,775,74,22.4,139270
2023-07-18 16:10,6.5,769,76,22.5,139270
2023-07-18 17:10,7,768,82,22.6,139270
2023-07-18 18:10,7.4,763,86,22.6,139270
2023-07-18 19:10,7.6,762,89,22.5,139270
2023-07-18 20:10,7.6,757,89,22.5,139270
2023-07-18 21:10,7.5,751,88,22.4,139270
2023-07-18 22:10,7.4,744,87,22.4,139270
2023-07-18 23:10,7.3,736,85,22.3,139270
2023-07-19 00:10,7.2,741,83,22.2,139270
2023-07-19 01:10,7.1,741,82,22.1,139270
2023-07-19 02:10,7,741,81,22.1,139270
2023-07-19 03:10,7.1,741,82,22,139270
2023-07-19 04:10,7.2,739,84,21.9,139270
2023-07-19 05:10,7.3,737,84,21.9,139270
2023-07-19 06:10,7.3,738,85,21.8,139270
2023-07-19 07:10,7.4,744,85,21.7,139270
2023-07-19 08:10,7.4,747,85,21.7,139270
2023-07-19 09:10,7.4,750,85,21.7,139270
2023-07-19 10:10,7.4,753,85,21.7,139270
2023-07-19 11:10,7.4,752,85,21.8,139270
2023-07-19 12:10,7.4,749,85,21.9,139270
2023-07-19 13:10,7.4,744,86,22.2,139270
2023-07-19 14:10,7.5,741,87,22.4,139270
2023-07-19 15:10,7.7,735,90,22.6,139270
2023-07-19 16:10,7.9,730,93,22.7,139270
2023-07-19 17:10,8,727,94,22.8,139270
2023-07-19 18:10,8,724,94,22.9,139270
2023-07-19 19:10,7.9,722,93,22.9,139270
2023-07-19 20:10,7.9,720,93,22.8,139270
2023-07-19 21:10,7.8,716,92,22.8,139270
2023-07-19 22:10,7.8,710,91,22.8,139270
2023-07-19 23:10,7.6,712,89,22.7,139270
2023-07-20 00:10,7.4,715,87,22.7,139270
2023-07-20 01:10,7.2,719,84,22.6,139270
2023-07-20 02:10,7.1,724,84,22.6,139270
2023-07-20 03:10,7.1,721,83,22.6,139270
2023-07-20 04:10,7.1,724,82,22.5,139270
2023-07-20 05:10,7.1,723,82,22.5,139270
2023-07-20 06:10,7,723,81,22.4,139270
2023-07-20 07:10,7,726,81,22.4,139270
2023-07-20 08:10,7,736,81,22.3,139270
2023-07-20 09:10,6.9,746,81,22.3,139270
2023-07-20 10:10,6.9,751,80,22.4,139270
2023-07-20 11:10,7,753,82,22.5,139270
2023-07-20 12:10,7,758,82,22.7,139270
2023-07-20 13:10,6.9,762,81,22.8,139270
2023-07-20 14:10,7,768,83,22.9,139270
2023-07-20 15:10,7.1,774,84,23.1,139270
2023-07-20 16:10,7.2,778,85,23.2,139270
2023-07-20 17:10,7.3,780,87,23.4,139270
2023-07-20 18:10,7.5,783,89,23.4,139270
2023-07-20 19:10,7.7,782,91,23.4,139270
2023-07-20 20:10,7.7,780,91,23.4,139270
2023-07-20 21:10,7.7,776,91,23.3,139270
2023-07-20 22:10,7.6,782,90,23.1,139270
2023-07-20 23:10,7.4,803,87,23,139270
2023-07-21 00:10,7.3,830,86,22.8,139270
2023-07-21 01:10,7.1,853,83,22.6,139270
2023-07-21 02:10,7.1,871,82,22.5,139270
2023-07-21 03:10,7.1,880,82,22.3,139270
2023-07-21 04:10,7.1,883,82,22.1,139270
2023-07-21 05:10,7.2,882,83,21.9,139270
2023-07-21 06:10,7.2,866,83,21.8,139270
2023-07-21 07:10,7.2,833,83,21.9,139270
2023-07-21 08:10,7.2,790,83,22,139270
2023-07-21 09:10,7.3,767,84,22.1,139270
2023-07-21 10:10,7.3,751,85,22.3,139270
2023-07-21 11:10,7.3,740,85,22.4,139270
2023-07-21 12:10,7.2,733,85,22.7,139270
2023-07-21 13:10,7.3,728,86,22.9,139270
2023-07-21 14:10,7.5,724,88,23.1,139270
2023-07-21 15:10,7.5,721,88,23.2,139270
2023-07-21 16:10,7.5,717,89,23.3,139270
2023-07-21 17:10,7.6,715,91,23.3,139270
2023-07-21 18:10,7.8,707,92,23.4,139270
2023-07-21 19:10,7.9,700,94,23.4,139270
2023-07-21 20:10,7.9,693,93,23.3,139270
2023-07-21 21:10,7.8,683,93,23.3,139270
2023-07-21 22:10,7.8,672,92,23.2,139270
2023-07-21 23:10,7.7,668,91,23,139270
2023-07-22 00:10,7.6,673,89,22.8,139270
2023-07-22 01:10,7.4,679,87,22.7,139270
2023-07-22 02:10,7.3,682,86,22.5,139270
2023-07-22 03:10,7.3,683,85,22.4,139270
2023-07-22 04:10,7.3,688,85,22.2,139270
2023-07-22 05:10,7.3,693,85,22.1,139270
2023-07-22 06:10,7.3,697,85,22,139270
2023-07-22 07:10,7.4,705,86,21.8,139270
2023-07-22 08:10,7.4,725,85,21.7,139270
2023-07-22 09:10,7.5,747,86,21.7,139270
2023-07-22 10:10,7.5,761,86,21.7,139270
2023-07-22 11:10,7.5,770,86,21.8,139270
2023-07-22 12:10,7.5,760,87,21.9,139270
2023-07-22 13:10,7.7,734,89,21.9,139270
2023-07-22 14:10,7.7,718,89,21.9,139270
2023-07-22 15:10,7.8,711,91,22,139270
2023-07-22 16:10,7.9,703,91,22,139270
2023-07-22 17:10,7.9,698,91,21.9,139270
2023-07-22 18:10,8,693,93,21.9,139270
2023-07-22 19:10,8,683,93,22.1,139270
2023-07-22 20:10,7.9,674,91,22,139270
2023-07-22 21:10,7.8,667,90,21.9,139270
2023-07-22 22:10,7.8,660,90,21.9,139270
2023-07-22 23:10,7.7,665,89,21.9,139270
2023-07-23 00:10,7.7,686,89,21.9,139270
2023-07-23 01:10,7.6,737,87,21.8,139270
2023-07-23 02:10,7.5,799,85,21.6,139270
2023-07-23 03:10,7.3,862,83,21.5,139270
2023-07-23 04:10,7.1,907,81,21.4,139270
2023-07-23 05:10,6.9,934,79,21.3,139270
2023-07-23 06:10,6.9,917,79,21.2,139270
2023-07-23 07:10,7,872,79,21.2,139270
2023-07-23 08:10,7,821,80,21.3,139270
2023-07-23 09:10,6.7,772,76,21.5,139270
2023-07-23 10:10,6,736,69,21.7,139270
2023-07-23 11:10,5.8,713,67,21.9,139270
2023-07-23 12:10,5.8,700,67,22.1,139270
2023-07-23 13:10,5.9,699,68,22.4,139270
2023-07-23 14:10,6,697,70,22.6,139270
2023-07-23 15:10,6.1,692,71,22.8,139270
2023-07-23 16:10,6.2,680,73,22.9,139270
2023-07-23 17:10,6.2,657,73,23,139270
2023-07-23 18:10,6.2,620,72,23,139270
2023-07-23 19:10,6,586,71,23.1,139270
2023-07-23 20:10,6,561,70,23.1,139270
2023-07-23 21:10,5.8,552,68,23,139270
2023-07-23 22:10,5.7,550,67,23,139270
2023-07-23 23:10,5.6,549,65,22.9,139270
2023-07-24 00:10,5.7,549,66,22.8,139270
2023-07-24 01:10,5.8,550,68,22.7,139270
2023-07-24 02:10,6.3,553,73,22.6,139270
2023-07-24 03:10,6.6,556,76,22.5,139270
2023-07-24 04:10,6.8,557,79,22.4,139270
2023-07-24 05:10,6.9,560,80,22.3,139270
2023-07-24 06:10,7.1,564,82,22.2,139270
2023-07-24 07:10,7.2,570,83,22.2,139270
2023-07-24 08:10,7.2,577,83,22.1,139270
2023-07-24 09:10,7.2,584,83,22.1,139270
2023-07-24 10:10,7.3,593,84,22.2,139270
2023-07-24 11:10,7.3,604,84,22.3,139270
2023-07-24 12:10,7.3,610,84,22.3,139270
2023-07-24 13:10,7.3,617,85,22.5,139270
2023-07-24 14:10,7.4,623,87,22.8,139270
2023-07-24 15:10,7.6,628,90,23,139270
2023-07-24 16:10,7.5,630,88,23.1,139270
2023-07-24 17:10,7.8,634,92,23.2,139270
2023-07-24 18:10,7.9,637,93,23.2,139270
2023-07-24 19:10,7.9,638,93,23.2,139270
2023-07-24 20:10,7.8,638,92,23.1,139270
2023-07-24 21:10,7.5,638,89,23.1,139270
2023-07-24 22:10,7.6,636,89,23.1,139270
2023-07-24 23:10,7.4,635,87,23.1,139270
2023-07-25 00:10,7.3,633,86,23.1,139270
2023-07-25 01:10,7.1,638,84,23.1,139270
2023-07-25 02:10,7.1,642,83,23,139270
2023-07-25 03:10,7,646,82,23,139270
2023-07-25 04:10,7,651,82,22.9,139270
2023-07-25 05:10,7,659,82,22.8,139270
2023-07-25 06:10,7,666,81,22.7,139270
2023-07-25 07:10,7.1,671,83,22.6,139270
2023-07-25 08:10,7.1,675,83,22.5,139270
2023-07-25 09:10,7.1,680,82,22.5,139270
2023-07-25 10:10,7.2,685,84,22.5,139270
2023-07-25 11:10,7.2,690,84,22.6,139270
2023-07-25 12:10,7.3,696,85,22.7,139270
2023-07-25 13:10,7.4,701,87,22.8,139270
2023-07-25 14:10,7.5,706,88,23,139270
2023-07-25 15:10,7.7,705,91,23.2,139270
2023-07-25 16:10,7.9,701,93,23.3,139270
2023-07-25 17:10,8,697,95,23.4,139270
2023-07-25 18:10,8.1,686,96,23.5,139270
2023-07-25 19:10,8.2,672,97,23.5,139270
2023-07-25 20:10,8.1,653,96,23.4,139270
2023-07-25 21:10,8,634,95,23.4,139270
2023-07-25 22:10,7.8,646,92,23.4,139270
2023-07-25 23:10,7.6,658,90,23.4,139270
2023-07-26 00:10,7.3,667,87,23.3,139270
2023-07-26 01:10,7.2,671,86,23.3,139270
2023-07-26 02:10,7.1,674,84,23.3,139270
2023-07-26 03:10,7,676,83,23.3,139270
2023-07-26 04:10,6.9,679,81,23.3,139270
2023-07-26 05:10,6.9,684,81,23.2,139270
2023-07-26 06:10,6.8,690,81,23.2,139270
2023-07-26 07:10,6.9,695,82,23.1,139270
2023-07-26 08:10,6.9,700,81,23.2,139270
2023-07-26 09:10,6.8,702,80,23.2,139270
2023-07-26 10:10,6.9,704,81,23.1,139270
2023-07-26 11:10,7,699,83,22.9,139270
2023-07-26 12:10,7,716,84,22.8,139270
2023-07-26 13:10,7.1,758,84,22.7,139270
2023-07-26 14:10,7.1,798,85,22.8,139270
2023-07-26 15:10,6.7,806,79,22.7,139270
2023-07-26 16:10,6.5,802,77,22.8,139270
2023-07-26 17:10,7,794,83,22.9,139270
2023-07-26 18:10,7.2,786,86,23,139270
2023-07-26 19:10,7.1,830,85,23.1,139270
2023-07-26 20:10,6.9,889,83,23,139270
2023-07-26 21:10,6.8,897,81,23,139270
2023-07-26 22:10,6.4,890,77,23,139270
2023-07-26 23:10,5.9,849,71,22.9,139270
2023-07-27 00:10,5.7,789,67,22.7,139270
2023-07-27 01:10,5.6,733,66,22.6,139270
2023-07-27 02:10,5.5,694,66,22.5,139270
2023-07-27 03:10,5.5,663,66,22.5,139270
2023-07-27 04:10,5.6,677,67,22.5,139270
2023-07-27 05:10,5.7,687,67,22.4,139270
2023-07-27 06:10,5.7,652,67,22.4,139270
2023-07-27 07:10,5.5,615,65,22.4,139270
2023-07-27 08:10,5.4,577,63,22.5,139270
2023-07-27 09:10,5.2,542,62,22.6,139270
2023-07-27 10:10,5.2,534,62,22.8,139270
2023-07-27 11:10,5.4,550,64,23,139270
2023-07-27 12:10,5.6,572,68,23.3,139270
2023-07-27 13:10,6,583,72,23.5,139270
2023-07-27 14:10,6.6,582,80,23.8,139270
2023-07-27 15:10,7.1,578,86,24,139270
2023-07-27 16:10,7.3,579,89,24.1,139270
2023-07-27 17:10,7.5,583,91,24.2,139270
2023-07-27 18:10,7.6,587,93,24.2,139270
2023-07-27 19:10,7.6,591,93,24.2,139270
2023-07-27 20:10,7.5,597,92,24.2,139270
2023-07-27 21:10,7.4,603,91,24.1,139270
2023-07-27 22:10,7.3,611,90,24.1,139270
2023-07-27 23:10,7.2,618,88,24,139270
2023-07-28 00:10,7.2,624,87,23.9,139270
2023-07-28 01:10,7.2,630,87,23.8,139270
2023-07-28 02:10,7.2,637,87,23.7,139270
2023-07-28 03:10,7.2,644,87,23.5,139270
2023-07-28 04:10,7.2,650,87,23.4,139270
2023-07-28 05:10,7.2,656,87,23.2,139270
2023-07-28 06:10,7.2,662,86,23.2,139270
2023-07-28 07:10,7.1,663,85,23.1,139270
2023-07-28 08:10,7.1,664,85,23,139270
2023-07-28 09:10,7.1,667,85,23,139270
2023-07-28 10:10,7.1,671,85,23,139270
2023-07-28 11:10,7.2,677,86,23.1,139270
2023-07-28 12:10,7.4,684,88,23.2,139270
2023-07-28 13:10,7.7,695,92,23.3,139270
2023-07-28 14:10,7.8,715,94,23.5,139270
2023-07-28 15:10,7.9,738,96,23.6,139270
2023-07-28 16:10,7.9,764,96,23.7,139270
2023-07-28 17:10,7.9,797,96,23.8,139270
2023-07-28 18:10,7.8,818,95,23.8,139270
2023-07-28 19:10,7.7,828,93,23.8,139270
2023-07-28 20:10,7.5,831,90,23.7,139270
2023-07-28 21:10,7.3,829,88,23.6,139270
2023-07-28 22:10,7.1,820,86,23.6,139270
2023-07-28 23:10,7,797,84,23.5,139270
2023-07-29 00:10,6.8,739,82,23.5,139270
2023-07-29 01:10,6.6,713,79,23.4,139270
2023-07-29 02:10,6.5,685,78,23.3,139270
2023-07-29 03:10,6.5,659,78,23,139270
2023-07-29 04:10,6.5,628,78,22.9,139270
2023-07-29 05:10,6.7,639,80,22.9,139270
2023-07-29 06:10,6.5,668,78,22.9,139270
2023-07-29 07:10,6.3,693,75,23,139270
2023-07-29 08:10,6.1,662,73,22.8,139270
2023-07-29 09:10,6.1,623,72,22.5,139270
2023-07-29 10:10,6,598,71,22.4,139270
2023-07-29 11:10,6.2,554,73,22.7,139270
2023-07-29 12:10,6.4,522,76,23,139270
2023-07-29 13:10,6.5,532,78,23.4,139270
2023-07-29 14:10,6.6,511,79,23.6,139270
2023-07-29 15:10,6.6,472,80,23.8,139270
2023-07-29 16:10,6.8,439,83,23.8,139270
2023-07-29 17:10,7,439,85,23.9,139270
2023-07-29 18:10,7,468,85,23.9,139270
2023-07-29 19:10,6.9,489,84,23.8,139270
2023-07-29 20:10,6.8,498,83,23.6,139270
2023-07-29 21:10,6.8,505,82,23.5,139270
2023-07-29 22:10,6.7,518,81,23.4,139270
2023-07-29 23:10,6.7,530,80,23.4,139270
2023-07-30 00:10,6.6,541,80,23.3,139270
2023-07-30 01:10,6.6,550,80,23.2,139270
2023-07-30 02:10,6.6,559,79,23.1,139270
2023-07-30 03:10,6.6,571,79,23,139270
2023-07-30 04:10,6.6,576,79,22.9,139270
2023-07-30 05:10,6.6,572,79,23,139270
2023-07-30 06:10,6.7,574,80,23,139270
2023-07-30 07:10,6.7,586,80,22.9,139270
2023-07-30 08:10,6.7,604,80,22.9,139270
2023-07-30 09:10,6.7,620,80,22.8,139270
2023-07-30 10:10,6.9,636,82,22.8,139270
2023-07-30 11:10,7,648,83,22.8,139270
2023-07-30 12:10,7.1,659,85,23,139270
2023-07-30 13:10,7.2,671,86,23,139270
2023-07-30 14:10,7.3,683,88,23.2,139270
2023-07-30 15:10,7.5,694,90,23.4,139270
2023-07-30 16:10,7.6,709,91,23.5,139270
2023-07-30 17:10,7.7,727,93,23.5,139270
2023-07-30 18:10,7.7,734,93,23.5,139270
2023-07-30 19:10,7.7,731,92,23.4,139270
2023-07-30 20:10,7.6,719,91,23.4,139270
2023-07-30 21:10,7.5,703,90,23.3,139270
2023-07-30 22:10,7.3,700,88,23.3,139270
2023-07-30 23:10,7.3,705,87,23.2,139270
2023-07-31 00:10,7.2,713,87,23.1,139270
2023-07-31 01:10,7.1,718,85,23,139270
2023-07-31 02:10,7.1,724,84,22.8,139270
2023-07-31 03:10,6.9,728,82,22.7,139270
2023-07-31 04:10,6.9,733,82,22.6,139270
2023-07-31 05:10,6.9,738,82,22.5,139270
2023-07-31 06:10,6.9,745,81,22.4,139270
2023-07-31 07:10,6.9,750,81,22.3,139270
2023-07-31 08:10,6.9,754,81,22.3,139270
2023-07-31 09:10,6.9,757,81,22.3,139270
2023-07-31 10:10,6.9,759,81,22.3,139270
2023-07-31 11:10,6.9,758,81,22.4,139270
2023-07-31 12:10,6.9,757,82,22.5,139270
2023-07-31 13:10,6.9,757,82,22.7,139270
2023-07-31 14:10,7,756,83,22.8,139270
2023-07-31 15:10,7.1,755,85,23,139270
2023-07-31 16:10,7.2,756,86,23.1,139270
2023-07-31 17:10,7.3,754,87,23.2,139270
2023-07-31 18:10,7.3,752,88,23.2,139270
2023-07-31 19:10,7.3,752,88,23.1,139270
2023-07-31 20:10,7.3,754,87,23.1,139270
2023-07-31 21:10,7.2,755,86,23.1,139270
2023-07-31 22:10,7,756,84,23,139270
2023-07-31 23:10,6.9,760,83,23,139270
2023-08-01 00:10,6.8,763,81,22.9,139270
2023-08-01 01:10,6.7,765,80,22.9,139270
2023-08-01 02:10,6.7,776,79,22.8,139270
2023-08-01 03:10,6.6,769,79,22.7,139270
2023-08-01 04:10,6.7,746,79,22.8,139270
2023-08-01 05:10,6.8,736,81,22.7,139270
2023-08-01 06:10,6.8,738,81,22.7,139270
2023-08-01 07:10,6.8,746,81,22.6,139270
2023-08-01 08:10,6.8,759,81,22.5,139270
2023-08-01 09:10,6.8,768,80,22.5,139270
2023-08-01 10:10,6.8,772,81,22.5,139270
2023-08-01 11:10,6.8,771,81,22.5,139270
2023-08-01 12:10,6.8,769,81,22.6,139270
2023-08-01 13:10,6.8,762,81,22.7,139270
2023-08-01 14:10,6.9,758,82,22.9,139270
2023-08-01 15:10,6.9,754,83,23.1,139270
2023-08-01 16:10,7,771,84,23.2,139270
2023-08-01 17:10,7.1,784,85,23.2,139270
2023-08-01 18:10,7.1,792,86,23.3,139270
2023-08-01 19:10,7.1,790,86,23.2,139270
2023-08-01 20:10,7,786,85,23.2,139270
2023-08-01 21:10,7,782,83,23.2,139270
2023-08-01 22:10,6.9,780,82,23.1,139270
2023-08-01 23:10,6.8,777,82,23.1,139270
2023-08-02 00:10,6.8,774,81,23.1,139270
2023-08-02 01:10,6.9,772,82,23,139270
2023-08-02 02:10,6.7,765,80,23,139270
2023-08-02 03:10,6.6,748,79,23,139270
2023-08-02 04:10,6.6,736,79,22.9,139270
2023-08-02 05:10,6.7,740,80,22.9,139270
2023-08-02 06:10,6.7,753,80,22.8,139270
2023-08-02 07:10,6.7,761,80,22.7,139270
2023-08-02 08:10,6.7,770,80,22.6,139270
2023-08-02 09:10,6.7,780,80,22.6,139270
2023-08-02 10:10,6.7,786,80,22.7,139270
2023-08-02 11:10,6.8,784,81,22.8,139270
2023-08-02 12:10,6.8,778,81,23,139270
2023-08-02 13:10,6.8,772,82,23.1,139270
2023-08-02 14:10,6.8,772,82,23.3,139270
2023-08-02 15:10,6.9,773,84,23.5,139270
2023-08-02 16:10,6.9,772,84,23.7,139270
2023-08-02 17:10,7,773,85,23.7,139270
2023-08-02 18:10,7.1,779,86,23.7,139270
2023-08-02 19:10,7,794,85,23.6,139270
2023-08-02 20:10,7,803,84,23.6,139270
2023-08-02 21:10,6.9,810,84,23.5,139270
2023-08-02 22:10,6.8,803,82,23.5,139270
2023-08-02 23:10,6.6,783,80,23.5,139270
2023-08-03 00:10,6.5,757,78,23.5,139270
2023-08-03 01:10,6.5,745,78,23.4,139270
2023-08-03 02:10,6.4,740,77,23.4,139270
2023-08-03 03:10,6.4,741,76,23.3,139270
2023-08-03 04:10,6.4,743,77,23.2,139270
2023-08-03 05:10,6.4,750,77,23.1,139270
2023-08-03 06:10,6.6,760,78,22.9,139270
2023-08-03 07:10,6.6,769,79,22.8,139270
2023-08-03 08:10,6.7,773,80,22.8,139270
2023-08-03 09:10,6.8,777,81,22.8,139270
2023-08-03 10:10,6.8,784,82,22.9,139270
2023-08-03 11:10,6.9,780,82,23,139270
2023-08-03 12:10,6.9,778,83,23.2,139270
2023-08-03 13:10,7,782,84,23.4,139270
2023-08-03 14:10,7,789,85,23.6,139270
2023-08-03 15:10,7,795,85,23.8,139270
2023-08-03 16:10,7.1,796,86,23.9,139270
2023-08-03 17:10,7.2,794,87,24,139270
2023-08-03 18:10,7.2,790,87,24,139270
2023-08-03 19:10,7.1,783,87,24,139270
2023-08-03 20:10,7,775,85,24,139270
2023-08-03 21:10,6.8,765,83,24,139270
2023-08-03 22:10,6.7,752,81,23.9,139270
2023-08-03 23:10,6.5,734,79,23.9,139270
2023-08-04 00:10,6.5,724,79,23.9,139270
2023-08-04 01:10,6.6,723,80,23.8,139270
2023-08-04 02:10,6.4,727,78,23.8,139270
2023-08-04 03:10,6.3,737,76,23.7,139270
2023-08-04 04:10,6.2,740,75,23.6,139270
2023-08-04 05:10,6.3,740,76,23.5,139270
2023-08-04 06:10,6.4,739,77,23.4,139270
2023-08-04 07:10,6.5,738,79,23.4,139270
2023-08-04 08:10,6.7,740,80,23.4,139270
2023-08-04 09:10,6.8,743,82,23.3,139270
2023-08-04 10:10,6.9,750,83,23.4,139270
2023-08-04 11:10,6.9,761,83,23.4,139270
2023-08-04 12:10,7,770,84,23.5,139270
2023-08-04 13:10,7,782,85,23.6,139270
2023-08-04 14:10,7,791,85,23.8,139270
2023-08-04 15:10,7.2,796,87,23.9,139270
2023-08-04 16:10,7.3,798,89,24,139270
2023-08-04 17:10,7.3,793,89,24,139270
2023-08-04 18:10,7.3,787,89,24,139270
2023-08-04 19:10,7.3,777,89,23.9,139270
2023-08-04 20:10,7.2,765,88,23.8,139270
2023-08-04 21:10,7.2,754,87,23.7,139270
2023-08-04 22:10,7.1,743,85,23.7,139270
2023-08-04 23:10,7,732,84,23.5,139270
2023-08-05 00:10,7,723,84,23.4,139270
2023-08-05 01:10,6.9,719,83,23.3,139270
2023-08-05 02:10,6.8,718,82,23.2,139270
2023-08-05 03:10,6.8,718,81,23.1,139270
2023-08-05 04:10,6.9,719,82,23,139270
2023-08-05 05:10,7,721,83,22.9,139270
2023-08-05 06:10,7,725,84,22.8,139270
2023-08-05 07:10,7.1,728,85,22.7,139270
2023-08-05 08:10,7.2,730,85,22.7,139270
2023-08-05 09:10,7.2,735,85,22.7,139270
2023-08-05 10:10,7.2,738,85,22.6,139270
2023-08-05 11:10,7.1,740,84,22.6,139270
2023-08-05 12:10,7,740,83,22.6,139270
2023-08-05 13:10,6.9,740,82,22.6,139270
2023-08-05 14:10,6.9,740,82,22.6,139270
2023-08-05 15:10,6.9,738,81,22.6,139270
2023-08-05 16:10,6.8,737,81,22.6,139270
2023-08-05 17:10,6.7,739,80,22.6,139270
2023-08-05 18:10,6.7,739,79,22.6,139270
2023-08-05 19:10,6.7,736,79,22.5,139270
2023-08-05 20:10,6.6,728,78,22.5,139270
2023-08-05 21:10,6.5,714,77,22.4,139270
2023-08-05 22:10,6.5,702,77,22.2,139270
2023-08-05 23:10,6.5,698,76,22.1,139270
2023-08-06 00:10,6.5,708,76,22.1,139270
2023-08-06 01:10,6.6,736,77,22,139270
2023-08-06 02:10,6.8,766,79,21.9,139270
2023-08-06 03:10,6.8,792,79,21.8,139270
2023-08-06 04:10,6.7,812,78,21.7,139270
2023-08-06 05:10,6.7,826,78,21.7,139270
2023-08-06 06:10,6.7,839,77,21.6,139270
2023-08-06 07:10,6.6,856,77,21.5,139270
2023-08-06 08:10,6.5,858,76,21.4,139270
2023-08-06 09:10,6.4,867,74,21.4,139270
2023-08-06 10:10,6.3,872,73,21.3,139270
2023-08-06 11:10,6.2,871,72,21.3,139270
2023-08-06 12:10,6.2,867,71,21.3,139270
2023-08-06 13:10,6.2,863,71,21.3,139270
2023-08-06 14:10,6.2,850,72,21.3,139270
2023-08-06 15:10,6.3,838,72,21.3,139270
2023-08-06 16:10,6.3,828,73,21.4,139270
2023-08-06 17:10,6.4,820,74,21.4,139270
2023-08-06 18:10,6.5,818,75,21.4,139270
2023-08-06 19:10,6.4,812,75,21.4,139270
2023-08-06 20:10,6.4,805,75,21.4,139270
2023-08-06 21:10,6.4,795,74,21.3,139270
2023-08-06 22:10,6.4,778,74,21.3,139270
2023-08-06 23:10,6.7,761,77,21.2,139270
2023-08-07 00:10,6.7,747,77,21.2,139270
2023-08-07 01:10,6.6,735,76,21.1,139270
2023-08-07 02:10,6.5,713,75,21.1,139270
2023-08-07 03:10,6.5,690,74,21.1,139270
2023-08-07 04:10,6.5,669,74,21,139270
2023-08-07 05:10,6.4,649,74,21,139270
2023-08-07 06:10,6.4,632,74,21,139270
2023-08-07 07:10,6.4,619,73,21,139270
2023-08-07 08:10,6.4,615,73,20.9,139270
2023-08-07 09:10,6.4,615,73,21,139270
2023-08-07 10:10,6.4,618,73,21,139270
2023-08-07 11:10,6.4,624,74,21.1,139270
2023-08-07 12:10,6.4,631,74,21.2,139270
2023-08-07 13:10,6.4,634,74,21.3,139270
2023-08-07 14:10,6.4,638,74,21.5,139270
2023-08-07 15:10,6.3,633,74,21.7,139270
2023-08-07 16:10,6.3,629,74,21.9,139270
2023-08-07 17:10,6.5,641,76,22,139270
2023-08-07 18:10,6.6,659,77,22,139270
2023-08-07 19:10,6.7,672,78,22,139270
2023-08-07 20:10,6.6,668,78,22,139270
2023-08-07 21:10,6.5,659,76,22,139270
2023-08-07 22:10,6.3,648,74,22.1,139270
2023-08-07 23:10,6.4,642,75,22,139270
2023-08-08 00:10,6.5,636,76,22,139270
2023-08-08 01:10,6.4,631,75,22,139270
2023-08-08 02:10,6.3,631,73,21.9,139270
2023-08-08 03:10,6.3,632,74,21.9,139270
2023-08-08 04:10,6.4,635,74,21.8,139270
2023-08-08 05:10,6.5,640,75,21.7,139270
2023-08-08 06:10,6.6,643,77,21.7,139270
2023-08-08 07:10,6.7,648,78,21.6,139270
2023-08-08 08:10,6.8,655,79,21.6,139270
2023-08-08 09:10,6.9,661,80,21.6,139270
2023-08-08 10:10,7,667,81,21.6,139270
2023-08-08 11:10,7,676,82,21.7,139270
2023-08-08 12:10,7,686,82,21.9,139270
2023-08-08 13:10,7,701,82,22,139270
2023-08-08 14:10,7,717,83,22.2,139270
2023-08-08 15:10,7,730,82,22.3,139270
2023-08-08 16:10,7.1,736,83,22.5,139270
2023-08-08 17:10,7.1,740,84,22.5,139270
2023-08-08 18:10,7.1,742,84,22.5,139270
2023-08-08 19:10,7.1,740,84,22.5,139270
2023-08-08 20:10,7,735,83,22.5,139270
2023-08-08 21:10,6.9,730,81,22.5,139270
2023-08-08 22:10,6.8,725,80,22.4,139270
2023-08-08 23:10,6.7,723,79,22.4,139270
2023-08-09 00:10,6.7,724,79,22.4,139270
2023-08-09 01:10,6.7,723,79,22.4,139270
2023-08-09 02:10,6.4,724,76,22.3,139270
2023-08-09 03:10,6.3,725,75,22.2,139270
2023-08-09 04:10,6.3,725,74,22.1,139270
2023-08-09 05:10,6.3,726,74,22,139270
2023-08-09 06:10,6.4,728,74,21.9,139270
2023-08-09 07:10,6.4,729,75,21.9,139270
2023-08-09 08:10,6.5,732,76,21.9,139270
2023-08-09 09:10,6.6,735,77,21.9,139270
2023-08-09 10:10,6.6,738,78,22,139270
2023-08-09 11:10,6.7,739,78,22,139270
2023-08-09 12:10,6.8,738,79,22.1,139270
2023-08-09 13:10,6.7,738,79,22.2,139270
2023-08-09 14:10,6.7,731,79,22.3,139270
2023-08-09 15:10,6.8,729,80,22.3,139270
2023-08-09 16:10,6.8,730,80,22.4,139270
2023-08-09 17:10,6.7,730,79,22.4,139270
2023-08-09 18:10,6.7,726,79,22.4,139270
2023-08-09 19:10,6.6,723,78,22.4,139270
2023-08-09 20:10,6.4,719,76,22.4,139270
2023-08-09 21:10,6.4,707,76,22.3,139270
2023-08-09 22:10,6.3,689,74,22.3,139270
2023-08-09 23:10,6.2,683,72,22.2,139270
2023-08-10 00:10,6.3,685,74,22.2,139270
2023-08-10 01:10,6.4,691,75,22.2,139270
2023-08-10 02:10,6.3,694,74,22.1,139270
2023-08-10 03:10,6.2,694,72,22,139270
2023-08-10 04:10,6.3,696,74,22,139270
2023-08-10 05:10,6.3,698,74,21.9,139270
2023-08-10 06:10,6.5,700,76,21.9,139270
2023-08-10 07:10,6.6,701,77,21.8,139270
2023-08-10 08:10,6.6,706,77,21.8,139270
2023-08-10 09:10,6.7,712,78,21.9,139270
2023-08-10 10:10,6.7,714,79,22,139270
2023-08-10 11:10,6.8,715,79,22.1,139270
2023-08-10 12:10,6.8,715,79,22.2,139270
2023-08-10 13:10,6.8,716,81,22.4,139270
2023-08-10 14:10,6.8,720,81,22.5,139270
2023-08-10 15:10,6.8,730,81,22.7,139270
2023-08-10 16:10,6.9,736,82,22.8,139270
2023-08-10 17:10,6.9,742,83,22.8,139270
2023-08-10 18:10,7,746,83,22.9,139270
2023-08-10 19:10,6.9,741,83,22.9,139270
2023-08-10 20:10,6.8,742,82,22.9,139270
2023-08-10 21:10,6.7,735,80,22.9,139270
2023-08-10 22:10,6.6,728,78,22.8,139270
2023-08-10 23:10,6.4,722,76,22.8,139270
2023-08-11 00:10,6.3,719,75,22.8,139270
2023-08-11 01:10,6.4,718,76,22.8,139270
2023-08-11 02:10,6.4,719,75,22.7,139270
2023-08-11 03:10,6.2,717,74,22.7,139270
2023-08-11 04:10,6.2,720,73,22.7,139270
2023-08-11 05:10,6.2,723,73,22.6,139270
2023-08-11 06:10,6.2,728,74,22.6,139270
2023-08-11 07:10,6.3,734,74,22.5,139270
2023-08-11 08:10,6.4,737,76,22.5,139270
2023-08-11 09:10,6.4,743,76,22.5,139270
2023-08-11 10:10,6.5,743,77,22.5,139270
2023-08-11 11:10,6.6,744,78,22.5,139270
2023-08-11 12:10,6.6,748,79,22.7,139270
2023-08-11 13:10,6.7,750,80,22.9,139270
2023-08-11 14:10,6.7,752,80,23.1,139270
2023-08-11 15:10,6.7,754,81,23.2,139270
2023-08-11 16:10,6.7,751,81,23.3,139270
2023-08-11 17:10,6.8,747,82,23.3,139270
2023-08-11 18:10,6.8,744,82,23.4,139270
2023-08-11 19:10,6.9,739,83,23.5,139270
2023-08-11 20:10,6.9,740,83,23.5,139270
2023-08-11 21:10,6.7,743,81,23.4,139270
2023-08-11 22:10,6.5,748,78,23.4,139270
2023-08-11 23:10,6.6,751,79,23.4,139270
2023-08-12 00:10,6.5,757,78,23.3,139270
2023-08-12 01:10,6.6,762,79,23.2,139270
2023-08-12 02:10,6.6,762,78,23.2,139270
2023-08-12 03:10,6.4,760,76,23.1,139270
2023-08-12 04:10,6.2,764,74,23.1,139270
2023-08-12 05:10,6.1,765,73,23,139270
2023-08-12 06:10,6,767,72,22.9,139270
2023-08-12 07:10,6,771,71,22.8,139270
2023-08-12 08:10,6,774,71,22.7,139270
2023-08-12 09:10,6,780,71,22.7,139270
2023-08-12 10:10,6,784,71,22.8,139270
2023-08-12 11:10,6.1,788,73,22.8,139270
2023-08-12 12:10,6.2,796,74,22.9,139270
2023-08-12 13:10,6.3,806,75,23,139270
2023-08-12 14:10,6.1,813,74,23.2,139270
2023-08-12 15:10,6.3,830,75,23.4,139270
2023-08-12 16:10,6.4,838,77,23.5,139270
2023-08-12 17:10,6.5,842,79,23.6,139270
2023-08-12 18:10,6.5,840,79,23.7,139270
2023-08-12 19:10,6.5,831,79,23.7,139270
2023-08-12 20:10,6.6,815,80,23.7,139270
2023-08-12 21:10,6.7,796,81,23.7,139270
2023-08-12 22:10,6.6,773,80,23.7,139270
2023-08-12 23:10,6.5,749,78,23.7,139270
2023-08-13 00:10,6.5,718,78,23.7,139270
2023-08-13 01:10,6.3,698,76,23.7,139270
2023-08-13 02:10,6.1,694,74,23.6,139270
2023-08-13 03:10,6.2,694,74,23.5,139270
2023-08-13 04:10,6.1,695,73,23.5,139270
2023-08-13 05:10,6,701,72,23.4,139270
2023-08-13 06:10,6,708,72,23.3,139270
2023-08-13 07:10,6,717,72,23.1,139270
2023-08-13 08:10,6.1,724,73,23,139270
2023-08-13 09:10,6.2,732,74,23,139270
2023-08-13 10:10,6.4,741,76,23,139270
2023-08-13 11:10,6.4,746,76,23.1,139270
2023-08-13 12:10,6.6,751,78,23.1,139270
2023-08-13 13:10,6.7,754,80,23.1,139270
2023-08-13 14:10,6.7,754,80,23.2,139270
2023-08-13 15:10,6.8,748,82,23.2,139270
2023-08-13 16:10,7,740,84,23.3,139270
2023-08-13 17:10,7.1,733,85,23.3,139270
2023-08-13 18:10,7,726,84,23.3,139270
2023-08-13 19:10,6.9,720,82,23.2,139270
2023-08-13 20:10,6.8,716,82,23.2,139270
2023-08-13 21:10,6.7,711,80,23.1,139270
2023-08-13 22:10,6.5,709,77,23,139270
2023-08-13 23:10,6.3,707,75,23,139270
2023-08-14 00:10,6.2,703,73,22.9,139270
2023-08-14 01:10,6.1,698,72,22.8,139270
2023-08-14 02:10,6.1,695,72,22.7,139270
2023-08-14 03:10,6,695,72,22.7,139270
2023-08-14 04:10,6.1,696,72,22.6,139270
2023-08-14 05:10,6.2,696,73,22.5,139270
2023-08-14 06:10,6.2,697,73,22.4,139270
2023-08-14 07:10,6.3,701,74,22.4,139270
2023-08-14 08:10,6.4,706,75,22.3,139270
2023-08-14 09:10,6.5,708,76,22.4,139270
2023-08-14 10:10,6.5,711,77,22.4,139270
2023-08-14 11:10,6.6,714,78,22.4,139270
2023-08-14 12:10,6.6,717,78,22.4,139270
2023-08-14 13:10,6.7,713,78,22.4,139270
2023-08-14 14:10,6.6,717,78,22.4,139270
2023-08-14 15:10,6.7,727,79,22.3,139270
2023-08-14 16:10,6.7,729,79,22.4,139270
2023-08-14 17:10,6.7,734,79,22.4,139270
2023-08-14 18:10,7.2,739,85,22.3,139270
2023-08-14 19:10,7.4,727,87,22.2,139270
2023-08-14 20:10,7.2,748,84,22.2,139270
2023-08-14 21:10,6.9,775,81,22.1,139270
2023-08-14 22:10,7.1,809,83,22.1,139270
2023-08-14 23:10,6.8,843,79,22,139270
2023-08-15 00:10,6.4,849,74,21.9,139270
2023-08-15 01:10,6.1,826,71,21.8,139270
2023-08-15 02:10,5.7,767,66,21.7,139270
2023-08-15 03:10,5.4,661,63,21.7,139270
2023-08-15 04:10,5.5,586,64,21.6,139270
2023-08-15 05:10,5.8,518,67,21.4,139270
2023-08-15 06:10,6.4,438,73,21.2,139270
2023-08-15 07:10,6.8,377,78,20.9,139270
2023-08-15 08:10,6.7,403,77,20.9,139270
2023-08-15 09:10,6.6,395,76,20.8,139270
2023-08-15 10:10,6.7,355,77,20.8,139270
2023-08-15 11:10,6.8,350,77,20.7,139270
2023-08-15 12:10,6.8,365,78,20.7,139270
2023-08-15 13:10,6.9,380,79,20.7,139270
2023-08-15 14:10,6.9,406,79,20.9,139270
2023-08-15 15:10,6.9,453,79,21,139270
2023-08-15 16:10,7,476,80,21.1,139270
2023-08-15 17:10,7.1,486,81,21.1,139270
2023-08-15 18:10,7,494,81,21.1,139270
2023-08-15 19:10,7,504,81,21,139270
2023-08-15 20:10,7.2,509,82,21,139270
2023-08-15 21:10,7.1,498,81,20.9,139270
2023-08-15 22:10,6.9,508,79,20.8,139270
2023-08-15 23:10,6.8,493,77,20.8,139270
2023-08-16 00:10,6.7,549,76,20.7,139270
2023-08-16 01:10,6.6,557,75,20.6,139270
2023-08-16 02:10,6.5,585,75,20.6,139270
2023-08-16 03:10,6.5,599,74,20.6,139270
2023-08-16 04:10,6.5,609,74,20.6,139270
2023-08-16 05:10,6.5,619,74,20.6,139270
2023-08-16 06:10,6.5,626,73,20.6,139270
2023-08-16 07:10,6.4,629,73,20.6,139270
2023-08-16 08:10,6.4,632,73,20.6,139270
2023-08-16 09:10,6.4,638,73,20.7,139270
2023-08-16 10:10,6.5,647,74,20.9,139270
2023-08-16 11:10,6.5,657,75,21.1,139270
2023-08-16 12:10,6.6,670,76,21.3,139270
2023-08-16 13:10,6.7,681,78,21.6,139270
2023-08-16 14:10,6.7,689,79,21.9,139270
2023-08-16 15:10,6.9,696,80,22.1,139270
2023-08-16 16:10,6.8,698,80,22.2,139270
2023-08-16 17:10,6.8,697,80,22.2,139270
2023-08-16 18:10,6.8,697,80,22.2,139270
2023-08-16 19:10,6.8,698,80,22.2,139270
2023-08-16 20:10,6.8,699,80,22.1,139270
2023-08-16 21:10,6.7,698,78,22.1,139270
2023-08-16 22:10,6.7,705,78,22,139270
2023-08-16 23:10,6.5,715,76,22,139270
2023-08-17 00:10,6.6,724,77,21.9,139270
2023-08-17 01:10,6.7,726,78,21.9,139270
2023-08-17 02:10,6.4,713,75,21.8,139270
2023-08-17 03:10,6.1,672,72,21.8,139270
2023-08-17 04:10,6,648,70,21.8,139270
2023-08-17 05:10,6.1,682,71,21.7,139270
2023-08-17 06:10,6.2,736,72,21.6,139270
2023-08-17 07:10,6.4,776,74,21.5,139270
2023-08-17 08:10,6.4,801,74,21.4,139270
2023-08-17 09:10,6.4,804,74,21.4,139270
2023-08-17 10:10,6.4,794,74,21.5,139270
2023-08-17 11:10,6.5,782,75,21.7,139270
2023-08-17 12:10,6.7,780,78,21.8,139270
2023-08-17 13:10,6.8,784,80,22.1,139270
2023-08-17 14:10,7,814,83,22.2,139270
2023-08-17 15:10,7.1,825,83,22.2,139270
2023-08-17 16:10,7.1,833,83,22.2,139270
2023-08-17 17:10,7,830,82,22.2,139270
2023-08-17 18:10,6.7,801,79,22.1,139270
2023-08-17 19:10,6.5,764,75,21.9,139270
2023-08-17 20:10,6.4,747,74,21.8,139270
2023-08-17 21:10,6.3,726,74,21.6,139270
2023-08-17 22:10,6.6,709,76,21.5,139270
2023-08-17 23:10,6.7,710,77,21.5,139270
2023-08-18 00:10,6.6,715,76,21.4,139270
2023-08-18 01:10,6.5,709,75,21.3,139270
2023-08-18 02:10,6.4,686,74,21.2,139270
2023-08-18 03:10,6.4,650,73,21.1,139270
2023-08-18 04:10,6.3,616,72,21,139270
2023-08-18 05:10,6.3,604,72,20.9,139270
2023-08-18 06:10,6.3,608,72,20.9,139270
2023-08-18 07:10,6.3,620,72,20.8,139270
2023-08-18 08:10,6.4,632,73,20.8,139270
2023-08-18 09:10,6.4,643,73,20.8,139270
2023-08-18 10:10,6.5,654,74,20.9,139270
2023-08-18 11:10,6.6,662,76,21,139270
2023-08-18 12:10,6.6,667,77,21.2,139270
2023-08-18 13:10,6.8,669,78,21.5,139270
2023-08-18 14:10,6.8,671,79,21.7,139270
2023-08-18 15:10,7,676,81,21.8,139270
2023-08-18 16:10,7,682,82,21.9,139270
2023-08-18 17:10,7.1,686,82,22,139270
2023-08-18 18:10,7.1,688,83,21.9,139270
2023-08-18 19:10,7,691,82,21.9,139270
2023-08-18 20:10,7,693,82,21.9,139270
2023-08-18 21:10,6.9,695,80,21.8,139270
2023-08-18 22:10,6.8,695,80,21.8,139270
2023-08-18 23:10,6.9,695,80,21.7,139270
2023-08-19 00:10,7,697,81,21.7,139270
2023-08-19 01:10,7.1,700,82,21.6,139270
2023-08-19 02:10,7.1,705,82,21.5,139270
2023-08-19 03:10,7.2,703,83,21.5,139270
2023-08-19 04:10,7.1,715,82,21.4,139270
2023-08-19 05:10,6.9,726,79,21.3,139270
2023-08-19 06:10,6.7,735,77,21.2,139270
2023-08-19 07:10,6.6,744,76,21.1,139270
2023-08-19 08:10,6.6,751,75,21.1,139270
2023-08-19 09:10,6.6,759,76,21.1,139270
2023-08-19 10:10,6.7,766,77,21.1,139270
2023-08-19 11:10,6.7,770,77,21.2,139270
2023-08-19 12:10,6.8,772,78,21.3,139270
2023-08-19 13:10,6.9,772,79,21.5,139270
2023-08-19 14:10,7,774,81,21.7,139270
2023-08-19 15:10,7.1,775,83,22,139270
2023-08-19 16:10,7.2,775,84,22.1,139270
2023-08-19 17:10,7.2,772,84,22.2,139270
2023-08-19 18:10,7.3,771,86,22.3,139270
2023-08-19 19:10,7.3,767,85,22.3,139270
2023-08-19 20:10,7.2,769,84,22.3,139270
2023-08-19 21:10,7.1,768,84,22.3,139270
2023-08-19 22:10,7,763,82,22.3,139270
2023-08-19 23:10,6.8,755,80,22.3,139270
2023-08-20 00:10,6.8,750,80,22.2,139270
2023-08-20 01:10,6.8,750,80,22.2,139270
2023-08-20 02:10,6.6,752,78,22.2,139270
2023-08-20 03:10,6.6,753,77,22.2,139270
2023-08-20 04:10,6.5,756,76,22.1,139270
2023-08-20 05:10,6.5,760,76,22.1,139270
2023-08-20 06:10,6.5,765,76,22.1,139270
2023-08-20 07:10,6.5,768,76,22,139270
2023-08-20 08:10,6.4,770,75,22,139270
2023-08-20 09:10,6.4,770,75,22.1,139270
2023-08-20 10:10,6.6,771,77,22.2,139270
2023-08-20 11:10,6.5,771,77,22.4,139270
2023-08-20 12:10,6.4,772,75,22.6,139270
2023-08-20 13:10,6.7,772,79,22.9,139270
2023-08-20 14:10,6.7,775,80,23.1,139270
2023-08-20 15:10,6.7,777,80,23.4,139270
2023-08-20 16:10,7,776,84,23.6,139270
2023-08-20 17:10,7,774,84,23.7,139270
2023-08-20 18:10,7.1,772,86,23.8,139270
2023-08-20 19:10,7.1,769,86,23.8,139270
2023-08-20 20:10,7,762,85,23.7,139270
2023-08-20 21:10,6.9,755,83,23.7,139270
2023-08-20 22:10,6.9,748,83,23.7,139270
2023-08-20 23:10,6.6,739,80,23.6,139270
2023-08-21 00:10,6.5,735,79,23.6,139270
2023-08-21 01:10,6.5,736,78,23.5,139270
2023-08-21 02:10,6.6,740,80,23.5,139270
2023-08-21 03:10,6.7,745,80,23.4,139270
2023-08-21 04:10,6.5,751,78,23.4,139270
2023-08-21 05:10,6.3,749,76,23.3,139270
2023-08-21 06:10,6.3,767,76,23.2,139270
2023-08-21 07:10,6.4,783,76,23,139270
2023-08-21 08:10,6.4,795,76,22.9,139270
2023-08-21 09:10,6.4,794,76,22.9,139270
2023-08-21 10:10,6.5,788,77,22.9,139270
2023-08-21 11:10,6.6,792,79,23,139270
2023-08-21 12:10,6.7,794,80,23.1,139270
2023-08-21 13:10,6.8,805,82,23.2,139270
2023-08-21 14:10,6.9,813,83,23.4,139270
2023-08-21 15:10,7,814,85,23.5,139270
2023-08-21 16:10,7.1,803,86,23.7,139270
2023-08-21 17:10,7.2,791,86,23.8,139270
2023-08-21 18:10,7.3,787,89,23.8,139270
2023-08-21 19:10,7.4,781,89,23.8,139270
2023-08-21 20:10,7.4,775,89,23.7,139270
2023-08-21 21:10,7.5,768,90,23.7,139270
2023-08-21 22:10,7.6,754,92,23.6,139270
2023-08-21 23:10,7.6,750,92,23.6,139270
2023-08-22 00:10,7.5,748,91,23.5,139270
2023-08-22 01:10,7.3,745,88,23.4,139270
2023-08-22 02:10,6.9,748,82,23.4,139270
2023-08-22 03:10,6.6,752,78,23.3,139270
2023-08-22 04:10,6.4,750,76,23.2,139270
2023-08-22 05:10,6.4,752,76,23.2,139270
2023-08-22 06:10,6.3,749,76,23.1,139270
2023-08-22 07:10,6.3,748,75,23,139270
2023-08-22 08:10,6.3,749,75,22.9,139270
2023-08-22 09:10,6.3,749,75,22.9,139270
2023-08-22 10:10,6.4,749,76,23,139270
2023-08-22 11:10,6.5,752,77,23.1,139270
2023-08-22 12:10,6.6,755,79,23.2,139270
2023-08-22 13:10,6.7,760,81,23.5,139270
2023-08-22 14:10,6.7,766,80,23.6,139270
2023-08-22 15:10,6.8,775,82,23.9,139270
2023-08-22 16:10,7,781,84,24,139270
2023-08-22 17:10,7.1,783,86,24.1,139270
2023-08-22 18:10,7.2,782,88,24.1,139270
2023-08-22 19:10,7.1,777,86,24.1,139270
2023-08-22 20:10,7.3,774,89,24.1,139270
2023-08-22 21:10,7.3,770,89,24.1,139270
2023-08-22 22:10,7.1,764,86,24.1,139270
2023-08-22 23:10,6.9,758,84,24.1,139270
2023-08-23 00:10,6.9,749,83,24,139270
2023-08-23 01:10,6.8,743,83,24,139270
2023-08-23 02:10,6.6,745,80,24,139270
2023-08-23 03:10,6.5,748,78,23.9,139270
2023-08-23 04:10,6.3,755,77,23.8,139270
2023-08-23 05:10,6.3,767,76,23.8,139270
2023-08-23 06:10,6.2,778,75,23.7,139270
2023-08-23 07:10,6.3,783,76,23.6,139270
2023-08-23 08:10,6.3,786,76,23.5,139270
2023-08-23 09:10,6.3,790,76,23.5,139270
2023-08-23 10:10,6.3,794,76,23.6,139270
2023-08-23 11:10,6.3,798,77,23.8,139270
2023-08-23 12:10,6.3,800,76,23.9,139270
2023-08-23 13:10,6.4,797,78,24.3,139270
2023-08-23 14:10,6.4,794,79,24.6,139270
2023-08-23 15:10,6.6,789,81,24.8,139270
2023-08-23 16:10,6.6,782,82,25.1,139270
2023-08-23 17:10,6.8,777,85,25.3,139270
2023-08-23 18:10,7.1,769,88,25.4,139270
2023-08-23 19:10,7.1,763,89,25.4,139270
2023-08-23 20:10,7.1,758,88,25.4,139270
2023-08-23 21:10,7,754,87,25.4,139270
2023-08-23 22:10,7,751,87,25.4,139270
2023-08-23 23:10,6.8,745,84,25.4,139270
2023-08-24 00:10,6.6,740,82,25.3,139270
2023-08-24 01:10,6.6,738,82,25.3,139270
2023-08-24 02:10,6.4,738,80,25.3,139270
2023-08-24 03:10,6.2,740,77,25.2,139270
2023-08-24 04:10,6.1,744,75,25,139270
2023-08-24 05:10,6,752,74,24.9,139270
2023-08-24 06:10,6.1,762,75,24.8,139270
2023-08-24 07:10,6,765,74,24.7,139270
2023-08-24 08:10,6.1,758,75,24.7,139270
2023-08-24 09:10,6.2,751,76,24.8,139270
2023-08-24 10:10,6.2,748,76,24.8,139270
2023-08-24 11:10,6.2,747,77,25,139270
2023-08-24 12:10,6.3,744,78,25.3,139270
2023-08-24 13:10,6.6,740,82,25.6,139270
2023-08-24 14:10,6.7,737,83,25.8,139270
2023-08-24 15:10,6.8,738,85,26.1,139270
2023-08-24 16:10,7,736,89,26.3,139270
2023-08-24 17:10,7.1,733,90,26.4,139270
2023-08-24 18:10,7.1,731,90,26.3,139270
2023-08-24 19:10,7,730,88,26.2,139270
2023-08-24 20:10,6.9,726,87,26.1,139270
2023-08-24 21:10,6.8,724,86,26.1,139270
2023-08-24 22:10,6.7,719,84,26,139270
2023-08-24 23:10,6.6,691,83,26,139270
2023-08-25 00:10,6.7,654,84,26.1,139270
2023-08-25 01:10,6.6,646,82,26,139270
2023-08-25 02:10,6.4,646,81,25.9,139270
2023-08-25 03:10,6.4,648,80,25.8,139270
2023-08-25 04:10,6.4,656,80,25.6,139270
2023-08-25 05:10,6.4,663,80,25.4,139270
2023-08-25 06:10,6.4,667,80,25.3,139270
2023-08-25 07:10,6.5,670,80,25.1,139270
2023-08-25 08:10,6.5,672,80,25,139270
2023-08-25 09:10,6.6,677,82,24.9,139270
2023-08-25 10:10,6.6,688,81,24.8,139270
2023-08-25 11:10,6.5,710,80,24.6,139270
2023-08-25 12:10,6.5,726,79,24.5,139270
2023-08-25 13:10,6.5,725,80,24.6,139270
2023-08-25 14:10,6.6,706,80,24.7,139270
2023-08-25 15:10,6.6,689,81,24.6,139270
2023-08-25 16:10,6.6,688,81,24.6,139270
2023-08-25 17:10,6.6,697,80,24.5,139270
2023-08-25 18:10,6.6,710,80,24.4,139270
2023-08-25 19:10,6.6,716,80,24.3,139270
2023-08-25 20:10,6.5,718,80,24.2,139270
2023-08-25 21:10,6.4,721,78,24.1,139270
2023-08-25 22:10,6.4,723,78,24,139270
2023-08-25 23:10,6.4,720,78,23.9,139270
2023-08-26 00:10,6.3,709,77,23.9,139270
2023-08-26 01:10,6.5,702,79,23.8,139270
2023-08-26 02:10,6.7,695,80,23.7,139270
2023-08-26 03:10,6.6,686,80,23.7,139270
2023-08-26 04:10,6.5,681,78,23.7,139270
2023-08-26 05:10,6.5,676,78,23.6,139270
2023-08-26 06:10,6.4,675,77,23.5,139270
2023-08-26 07:10,6.4,675,77,23.5,139270
2023-08-26 08:10,6.5,676,78,23.5,139270
2023-08-26 09:10,6.4,679,77,23.4,139270
2023-08-26 10:10,6.6,683,79,23.4,139270
2023-08-26 11:10,6.6,685,79,23.4,139270
2023-08-26 12:10,6.7,685,81,23.4,139270
2023-08-26 13:10,6.8,687,82,23.4,139270
2023-08-26 14:10,6.9,689,82,23.5,139270
2023-08-26 15:10,6.9,695,83,23.6,139270
2023-08-26 16:10,6.9,699,83,23.6,139270
2023-08-26 17:10,7,699,84,23.5,139270
2023-08-26 18:10,7.3,706,88,23.5,139270
2023-08-26 19:10,7.5,713,90,23.4,139270
2023-08-26 20:10,7.8,716,93,23.3,139270
2023-08-26 21:10,7.6,712,91,23.2,139270
2023-08-26 22:10,7.6,709,91,23.1,139270
2023-08-26 23:10,7.5,706,89,23,139270
2023-08-27 00:10,7.4,708,88,23,139270
2023-08-27 01:10,7,708,83,22.9,139270
2023-08-27 02:10,6.7,700,79,22.9,139270
2023-08-27 03:10,6.5,689,77,22.8,139270
2023-08-27 04:10,6.3,686,75,22.7,139270
2023-08-27 05:10,6.4,686,76,22.7,139270
2023-08-27 06:10,6.4,687,76,22.6,139270
2023-08-27 07:10,6.4,689,76,22.5,139270
2023-08-27 08:10,6.5,693,77,22.4,139270
2023-08-27 09:10,6.5,696,77,22.4,139270
2023-08-27 10:10,6.6,698,77,22.4,139270
2023-08-27 11:10,6.7,700,80,22.5,139270
2023-08-27 12:10,6.9,702,81,22.6,139270
2023-08-27 13:10,7,704,83,22.8,139270
2023-08-27 14:10,7,706,84,23,139270
2023-08-27 15:10,7.2,708,85,23.1,139270
2023-08-27 16:10,7.2,711,86,23.2,139270
2023-08-27 17:10,7.3,712,88,23.2,139270
2023-08-27 18:10,7.4,711,88,23.2,139270
2023-08-27 19:10,7.4,709,89,23.2,139270
2023-08-27 20:10,7.3,708,87,23.1,139270
2023-08-27 21:10,7.2,708,86,23.1,139270
2023-08-27 22:10,7.1,708,84,23,139270
2023-08-27 23:10,7,705,84,23,139270
2023-08-28 00:10,7,703,83,22.9,139270
2023-08-28 01:10,6.7,699,79,22.8,139270
2023-08-28 02:10,6.7,699,79,22.7,139270
2023-08-28 03:10,6.7,706,79,22.7,139270
2023-08-28 04:10,6.6,713,78,22.6,139270
2023-08-28 05:10,6.4,712,75,22.6,139270
2023-08-28 06:10,6.3,714,74,22.4,139270
2023-08-28 07:10,6.3,719,74,22.3,139270
2023-08-28 08:10,6.4,724,75,22.3,139270
2023-08-28 09:10,6.4,723,75,22.3,139270
2023-08-28 10:10,6.5,724,76,22.3,139270
2023-08-28 11:10,6.6,731,78,22.4,139270
2023-08-28 12:10,6.7,739,79,22.5,139270
2023-08-28 13:10,6.9,742,82,22.7,139270
2023-08-28 14:10,7.1,742,84,23,139270
2023-08-28 15:10,7.3,746,87,23.2,139270
2023-08-28 16:10,7.5,740,89,23.3,139270
2023-08-28 17:10,7.5,723,90,23.4,139270
2023-08-28 18:10,7.5,706,90,23.4,139270
2023-08-28 19:10,7.4,693,89,23.3,139270
2023-08-28 20:10,7.3,679,88,23.3,139270
2023-08-28 21:10,7,668,84,23.2,139270
2023-08-28 22:10,6.8,654,82,23.1,139270
2023-08-28 23:10,6.7,639,80,23.1,139270
2023-08-29 00:10,6.7,624,79,23,139270
2023-08-29 01:10,6.8,611,80,22.9,139270
2023-08-29 02:10,6.9,604,82,22.8,139270
2023-08-29 03:10,7.1,600,83,22.7,139270
2023-08-29 04:10,7.1,601,84,22.7,139270
2023-08-29 05:10,7,604,83,22.6,139270
2023-08-29 06:10,6.9,606,81,22.5,139270
2023-08-29 07:10,6.8,606,80,22.4,139270
2023-08-29 08:10,6.6,607,78,22.4,139270
2023-08-29 09:10,6.6,609,78,22.4,139270
2023-08-29 10:10,6.6,610,78,22.4,139270
2023-08-29 11:10,6.6,613,78,22.5,139270
2023-08-29 12:10,6.7,618,79,22.6,139270
2023-08-29 13:10,6.7,623,79,22.7,139270
2023-08-29 14:10,6.7,625,80,22.9,139270
2023-08-29 15:10,6.9,624,82,23,139270
2023-08-29 16:10,7,620,83,23,139270
2023-08-29 17:10,7,618,83,23,139270
2023-08-29 18:10,7.1,621,85,23,139270
2023-08-29 19:10,7,620,84,23,139270
2023-08-29 20:10,7.1,620,84,23,139270
2023-08-29 21:10,7,624,83,23,139270
2023-08-29 22:10,6.8,630,81,23,139270
2023-08-29 23:10,6.9,641,82,22.9,139270
2023-08-30 00:10,7.1,654,84,22.9,139270
2023-08-30 01:10,7,650,82,22.8,139270
2023-08-30 02:10,6.7,636,80,22.8,139270
2023-08-30 03:10,6.7,622,79,22.7,139270
2023-08-30 04:10,6.7,611,80,22.7,139270
2023-08-30 05:10,6.8,607,81,22.6,139270
2023-08-30 06:10,6.8,609,80,22.5,139270
2023-08-30 07:10,6.8,614,80,22.4,139270
2023-08-30 08:10,6.7,619,78,22.3,139270
2023-08-30 09:10,6.7,625,78,22.2,139270
2023-08-30 10:10,6.6,631,77,22.2,139270
2023-08-30 11:10,6.8,645,79,22.2,139270
2023-08-30 12:10,6.8,645,79,22.2,139270
2023-08-30 13:10,6.8,641,80,22.2,139270
2023-08-30 14:10,6.9,637,81,22.2,139270
2023-08-30 15:10,7,632,82,22.3,139270
2023-08-30 16:10,7.1,629,84,22.3,139270
2023-08-30 17:10,7.3,626,86,22.4,139270
2023-08-30 18:10,7.7,623,91,22.3,139270
2023-08-30 19:10,7.9,619,93,22.2,139270
2023-08-30 20:10,7.9,610,93,22,139270
2023-08-30 21:10,7.9,603,92,21.9,139270
2023-08-30 22:10,7.6,597,89,21.9,139270
2023-08-30 23:10,7.3,589,86,21.8,139270
2023-08-31 00:10,7.1,591,83,21.7,139270
2023-08-31 01:10,7,602,81,21.7,139270
2023-08-31 02:10,7.1,614,82,21.7,139270
2023-08-31 03:10,7,622,82,21.6,139270
2023-08-31 04:10,6.9,630,81,21.6,139270
2023-08-31 05:10,6.9,638,80,21.6,139270
2023-08-31 06:10,6.8,654,79,21.6,139270
2023-08-31 07:10,6.8,674,79,21.5,139270
2023-08-31 08:10,6.8,683,79,21.5,139270
2023-08-31 09:10,6.8,680,79,21.6,139270
2023-08-31 10:10,6.8,671,79,21.6,139270
2023-08-31 11:10,6.9,668,81,21.7,139270
2023-08-31 12:10,7,672,82,21.9,139270
2023-08-31 13:10,7.1,677,83,22,139270
2023-08-31 14:10,7.1,683,84,22.2,139270
2023-08-31 15:10,7.2,689,85,22.4,139270
2023-08-31 16:10,7.3,690,86,22.5,139270
2023-08-31 17:10,7.4,690,87,22.6,139270
2023-08-31 18:10,7.5,689,89,22.7,139270
2023-08-31 19:10,7.5,688,89,22.6,139270
2023-08-31 20:10,7.5,687,88,22.5,139270
2023-08-31 21:10,7.4,685,87,22.5,139270
2023-08-31 22:10,7.3,686,86,22.4,139270
2023-08-31 23:10,7.2,691,84,22.4,139270
2023-09-01 00:10,7,694,83,22.4,139270
2023-09-01 01:10,6.8,695,80,22.3,139270
2023-09-01 02:10,6.8,695,80,22.2,139270
2023-09-01 03:10,6.9,696,81,22.2,139270
2023-09-01 04:10,7,697,82,22.1,139270
2023-09-01 05:10,7.1,697,83,22,139270
2023-09-01 06:10,6.9,696,81,21.9,139270
2023-09-01 07:10,6.7,693,78,21.8,139270
2023-09-01 08:10,6.6,694,77,21.7,139270
2023-09-01 09:10,6.6,697,76,21.7,139270
2023-09-01 10:10,6.5,701,76,21.7,139270
2023-09-01 11:10,6.6,704,77,21.9,139270
2023-09-01 12:10,6.7,705,79,22,139270
2023-09-01 13:10,6.9,708,80,22.2,139270
2023-09-01 14:10,7,712,82,22.5,139270
2023-09-01 15:10,7.1,718,84,22.7,139270
2023-09-01 16:10,7.2,722,86,22.8,139270
2023-09-01 17:10,7.4,722,88,23,139270
2023-09-01 18:10,7.5,719,90,23,139270
2023-09-01 19:10,7.8,715,93,23,139270
2023-09-01 20:10,8,711,96,23,139270
2023-09-01 21:10,8.1,709,96,22.9,139270
2023-09-01 22:10,8,708,95,22.9,139270
2023-09-01 23:10,7.6,708,91,22.9,139270
2023-09-02 00:10,7.2,708,85,22.8,139270
2023-09-02 01:10,6.9,707,82,22.7,139270
2023-09-02 02:10,6.8,705,81,22.6,139270
2023-09-02 03:10,6.6,699,78,22.6,139270
2023-09-02 04:10,6.4,691,76,22.5,139270
2023-09-02 05:10,6.3,684,75,22.4,139270
2023-09-02 06:10,6.3,680,74,22.3,139270
2023-09-02 07:10,6.3,681,74,22.2,139270
2023-09-02 08:10,6.3,684,74,22.2,139270
2023-09-02 09:10,6.3,688,74,22.2,139270
2023-09-02 10:10,6.4,691,75,22.2,139270
2023-09-02 11:10,6.4,693,76,22.3,139270
2023-09-02 12:10,6.6,697,78,22.5,139270
2023-09-02 13:10,6.7,705,79,22.7,139270
2023-09-02 14:10,6.8,710,80,22.9,139270
2023-09-02 15:10,6.9,715,82,23,139270
2023-09-02 16:10,7.1,712,84,23.2,139270
2023-09-02 17:10,7.2,706,86,23.3,139270
2023-09-02 18:10,7.3,701,88,23.3,139270
2023-09-02 19:10,7.4,699,89,23.3,139270
2023-09-02 20:10,7.4,695,89,23.3,139270
2023-09-02 21:10,7.4,692,88,23.2,139270
2023-09-02 22:10,7.2,689,86,23.2,139270
2023-09-02 23:10,7,687,84,23.2,139270
2023-09-03 00:10,6.9,691,82,23.1,139270
2023-09-03 01:10,6.7,697,80,23.1,139270
2023-09-03 02:10,6.7,702,80,23,139270
2023-09-03 03:10,6.7,703,80,22.9,139270
2023-09-03 04:10,6.5,704,77,22.9,139270
2023-09-03 05:10,6.3,702,75,22.9,139270
2023-09-03 06:10,6.2,702,73,22.8,139270
2023-09-03 07:10,6.1,705,72,22.7,139270
2023-09-03 08:10,6,708,71,22.6,139270
2023-09-03 09:10,6.1,709,72,22.6,139270
2023-09-03 10:10,6.1,710,72,22.6,139270
2023-09-03 11:10,6.1,711,73,22.7,139270
2023-09-03 12:10,6.3,713,75,23,139270
2023-09-03 13:10,6.4,716,76,23.1,139270
2023-09-03 14:10,6.6,718,79,23.4,139270
2023-09-03 15:10,6.7,719,80,23.5,139270
2023-09-03 16:10,6.8,719,82,23.6,139270
2023-09-03 17:10,7,720,84,23.7,139270
2023-09-03 18:10,7.1,724,86,23.8,139270
2023-09-03 19:10,7.3,726,88,23.8,139270
2023-09-03 20:10,7.3,725,88,23.8,139270
2023-09-03 21:10,7.3,724,87,23.8,139270
2023-09-03 22:10,7.2,724,87,23.8,139270
2023-09-03 23:10,7.1,722,85,23.7,139270
2023-09-04 00:10,6.9,721,83,23.7,139270
2023-09-04 01:10,6.7,719,80,23.7,139270
2023-09-04 02:10,6.5,717,78,23.6,139270
2023-09-04 03:10,6.4,715,76,23.5,139270
2023-09-04 04:10,6.3,714,76,23.5,139270
2023-09-04 05:10,6.2,715,74,23.5,139270
2023-09-04 06:10,6.1,717,73,23.5,139270
2023-09-04 07:10,6,717,72,23.4,139270
2023-09-04 08:10,5.9,716,71,23.4,139270
2023-09-04 09:10,5.9,716,71,23.3,139270
2023-09-04 10:10,6,717,71,23.3,139270
2023-09-04 11:10,6,717,72,23.5,139270
2023-09-04 12:10,6.1,715,74,23.7,139270
2023-09-04 13:10,6.3,716,75,23.9,139270
2023-09-04 14:10,6.3,716,77,24,139270
2023-09-04 15:10,6.4,717,78,24.2,139270
2023-09-04 16:10,6.6,717,80,24.3,139270
2023-09-04 17:10,6.8,717,83,24.4,139270
2023-09-04 18:10,7.2,721,88,24.4,139270
2023-09-04 19:10,7.6,726,92,24.4,139270
2023-09-04 20:10,7.8,727,95,24.4,139270
2023-09-04 21:10,7.9,725,97,24.4,139270
2023-09-04 22:10,7.8,722,95,24.4,139270
2023-09-04 23:10,7.4,718,91,24.4,139270
2023-09-05 00:10,7,713,85,24.4,139270
2023-09-05 01:10,6.6,706,80,24.3,139270
2023-09-05 02:10,6.4,701,77,24.3,139270
2023-09-05 03:10,6.1,699,75,24.2,139270
2023-09-05 04:10,6.1,699,74,24.2,139270
2023-09-05 05:10,6.1,700,74,24.1,139270
2023-09-05 06:10,6,702,73,24,139270
2023-09-05 07:10,6,703,73,23.9,139270
2023-09-05 08:10,6,703,73,23.8,139270
2023-09-05 09:10,6.1,702,73,23.8,139270
2023-09-05 10:10,6.1,701,74,23.8,139270
2023-09-05 11:10,6.2,701,75,23.9,139270
2023-09-05 12:10,6.3,704,77,24.1,139270
2023-09-05 13:10,6.5,707,79,24.2,139270
2023-09-05 14:10,6.6,712,81,24.4,139270
2023-09-05 15:10,6.7,710,82,24.5,139270
2023-09-05 16:10,6.8,707,83,24.6,139270
2023-09-05 17:10,7,703,85,24.6,139270
2023-09-05 18:10,7.1,700,87,24.6,139270
2023-09-05 19:10,7.1,698,87,24.6,139270
2023-09-05 20:10,7.1,694,87,24.6,139270
2023-09-05 21:10,7,689,86,24.6,139270
2023-09-05 22:10,6.9,685,84,24.5,139270
2023-09-05 23:10,6.7,681,82,24.5,139270
2023-09-06 00:10,6.5,676,80,24.4,139270
2023-09-06 01:10,6.4,673,77,24.3,139270
2023-09-06 02:10,6.2,675,75,24.3,139270
2023-09-06 03:10,6.2,679,75,24.2,139270
2023-09-06 04:10,6.3,683,76,24.1,139270
2023-09-06 05:10,6.1,685,74,24.1,139270
2023-09-06 06:10,6.1,675,73,23.9,139270
2023-09-06 07:10,6,673,72,23.8,139270
2023-09-06 08:10,6,676,72,23.7,139270
2023-09-06 09:10,6,680,72,23.6,139270
2023-09-06 10:10,6.1,691,73,23.7,139270
2023-09-06 11:10,6.1,702,73,23.6,139270
2023-09-06 12:10,6.2,715,74,23.6,139270
2023-09-06 13:10,6.2,734,75,23.7,139270
2023-09-06 14:10,6.3,751,76,23.8,139270
2023-09-06 15:10,6.3,754,76,23.9,139270
2023-09-06 16:10,6.4,745,77,24,139270
2023-09-06 17:10,6.5,750,79,24,139270
2023-09-06 18:10,6.6,759,80,24,139270
2023-09-06 19:10,6.6,766,80,23.9,139270
2023-09-06 20:10,6.5,771,78,23.9,139270
2023-09-06 21:10,6.4,774,77,23.8,139270
2023-09-06 22:10,6.2,775,74,23.7,139270
2023-09-06 23:10,6,771,72,23.7,139270
2023-09-07 00:10,5.8,760,70,23.6,139270
2023-09-07 01:10,5.7,732,69,23.6,139270
2023-09-07 02:10,5.9,689,71,23.7,139270
2023-09-07 03:10,5.7,646,69,23.7,139270
2023-09-07 04:10,5.6,615,67,23.7,139270
2023-09-07 05:10,5.5,596,65,23.6,139270
2023-09-07 06:10,5.4,587,64,23.5,139270
2023-09-07 07:10,5.4,582,64,23.5,139270
2023-09-07 08:10,5.5,578,65,23.4,139270
2023-09-07 09:10,5.5,575,66,23.3,139270
2023-09-07 10:10,5.7,570,68,23.3,139270
2023-09-07 11:10,5.7,563,68,23.3,139270
2023-09-07 12:10,5.8,555,70,23.4,139270
2023-09-07 13:10,5.9,552,70,23.4,139270
2023-09-07 14:10,6,554,71,23.3,139270
2023-09-07 15:10,6.1,559,72,23.3,139270
2023-09-07 16:10,6.3,570,74,23.2,139270
2023-09-07 17:10,6.4,584,76,23.1,139270
2023-09-07 18:10,6.5,597,77,23,139270
2023-09-07 19:10,6.7,611,79,23,139270
2023-09-07 20:10,6.7,619,79,22.9,139270
2023-09-07 21:10,6.6,630,78,22.8,139270
2023-09-07 22:10,6.7,644,78,22.8,139270
2023-09-07 23:10,6.6,663,78,22.7,139270
2023-09-08 00:10,6.6,672,77,22.6,139270
2023-09-08 01:10,6.8,684,80,22.6,139270
2023-09-08 02:10,6.8,684,79,22.5,139270
2023-09-08 03:10,6.5,660,76,22.5,139270
2023-09-08 04:10,6.3,640,73,22.4,139270
2023-09-08 05:10,6.2,636,72,22.4,139270
2023-09-08 06:10,6.2,633,72,22.3,139270
2023-09-08 07:10,6.6,632,76,22.2,139270
2023-09-08 08:10,6.9,631,80,22.2,139270
2023-09-08 09:10,7,639,82,22.2,139270
2023-09-08 10:10,7.1,651,83,22.1,139270
2023-09-08 11:10,7.1,658,82,22.1,139270
2023-09-08 12:10,7.1,658,82,22.1,139270
2023-09-08 13:10,7.1,661,82,22.2,139270
2023-09-08 14:10,7.1,671,83,22.1,139270
2023-09-08 15:10,7.1,680,82,22.1,139270
2023-09-08 16:10,7.1,680,82,22.1,139270
2023-09-08 17:10,7.1,683,83,22.1,139270
2023-09-08 18:10,7.3,687,85,22.1,139270
2023-09-08 19:10,7.5,707,87,22.1,139270
2023-09-08 20:10,7.6,723,89,22.1,139270
2023-09-08 21:10,7.4,712,86,22,139270
2023-09-08 22:10,7.3,700,85,22,139270
2023-09-08 23:10,6.8,703,78,22,139270
2023-09-09 00:10,6.3,710,73,21.9,139270
2023-09-09 01:10,6.1,711,71,21.9,139270
2023-09-09 02:10,6,706,69,21.9,139270
2023-09-09 03:10,5.9,698,68,21.8,139270
2023-09-09 04:10,5.6,693,65,21.7,139270
2023-09-09 05:10,5.9,687,68,21.6,139270
2023-09-09 06:10,6,680,68,21.5,139270
2023-09-09 07:10,6,677,68,21.4,139270
2023-09-09 08:10,6,673,68,21.4,139270
2023-09-09 09:10,6,669,69,21.4,139270
2023-09-09 10:10,6.1,665,70,21.4,139270
2023-09-09 11:10,6.1,659,70,21.4,139270
2023-09-09 12:10,6.1,655,70,21.5,139270
2023-09-09 13:10,6.2,648,71,21.6,139270
2023-09-09 14:10,6.3,638,72,21.8,139270
2023-09-09 15:10,6.4,622,74,21.9,139270
2023-09-09 16:10,6.6,614,77,22,139270
2023-09-09 17:10,6.7,614,78,22,139270
2023-09-09 18:10,7,618,81,22,139270
2023-09-09 19:10,7,621,81,22,139270
2023-09-09 20:10,7,623,81,21.9,139270
2023-09-09 21:10,7,623,81,21.9,139270
2023-09-09 22:10,7,620,81,21.8,139270
2023-09-09 23:10,6.9,616,79,21.7,139270
2023-09-10 00:10,6.8,617,78,21.6,139270
2023-09-10 01:10,6.7,622,77,21.5,139270
2023-09-10 02:10,6.8,626,78,21.4,139270
2023-09-10 03:10,6.8,627,78,21.3,139270
2023-09-10 04:10,6.6,627,76,21.3,139270
2023-09-10 05:10,6.5,630,74,21.2,139270
2023-09-10 06:10,6.4,636,74,21.2,139270
2023-09-10 07:10,6.4,641,73,21.1,139270
2023-09-10 08:10,6.5,644,73,21.1,139270
2023-09-10 09:10,6.4,648,73,21.1,139270
2023-09-10 10:10,6.5,651,74,21.1,139270
2023-09-10 11:10,6.6,656,75,21.2,139270
2023-09-10 12:10,6.7,662,77,21.4,139270
2023-09-10 13:10,6.5,669,75,21.5,139270
2023-09-10 14:10,6.9,674,80,21.8,139270
2023-09-10 15:10,7,677,81,22,139270
2023-09-10 16:10,7.1,678,82,22.1,139270
2023-09-10 17:10,7.2,681,84,22.2,139270
2023-09-10 18:10,7.3,682,85,22.2,139270
2023-09-10 19:10,7.3,681,85,22.2,139270
2023-09-10 20:10,7.3,680,85,22.2,139270
2023-09-10 21:10,7.2,678,83,22.2,139270
2023-09-10 22:10,7.2,678,83,22.2,139270
2023-09-10 23:10,7,676,82,22.2,139270
2023-09-11 00:10,6.9,673,80,22.1,139270
2023-09-11 01:10,6.7,669,78,22.1,139270
2023-09-11 02:10,6.7,666,77,22,139270
2023-09-11 03:10,6.6,665,77,22,139270
2023-09-11 04:10,6.5,667,75,22,139270
2023-09-11 05:10,6.3,669,73,22,139270
2023-09-11 06:10,6.4,666,73,21.9,139270
2023-09-11 07:10,6.3,670,73,21.8,139270
2023-09-11 08:10,6.3,672,73,21.8,139270
2023-09-11 09:10,6.4,678,74,21.7,139270
2023-09-11 10:10,6.6,679,75,21.7,139270
2023-09-11 11:10,6.6,668,76,21.7,139270
2023-09-11 12:10,6.7,685,77,21.8,139270
2023-09-11 13:10,6.7,698,77,21.9,139270
2023-09-11 14:10,6.7,697,77,21.9,139270
2023-09-11 15:10,6.6,716,77,22,139270
2023-09-11 16:10,6.5,746,75,22,139270
2023-09-11 17:10,6.2,768,72,21.9,139270
2023-09-11 18:10,6.1,780,71,21.9,139270
2023-09-11 19:10,6.1,757,70,21.7,139270
2023-09-11 20:10,6.2,727,72,21.6,139270
2023-09-11 21:10,6.7,696,76,21.4,139270
2023-09-11 22:10,6.6,655,75,21.2,139270
2023-09-11 23:10,6.3,614,71,21,139270
2023-09-12 00:10,6.1,590,69,20.9,139270
2023-09-12 01:10,6,585,68,20.8,139270
2023-09-12 02:10,5.9,584,66,20.7,139270
2023-09-12 03:10,5.8,578,65,20.7,139270
2023-09-12 04:10,5.9,554,67,20.6,139270
2023-09-12 05:10,6.1,527,68,20.6,139270
2023-09-12 06:10,6.3,507,70,20.5,139270
2023-09-12 07:10,6.3,492,71,20.5,139270
2023-09-12 08:10,6.3,486,71,20.4,139270
2023-09-12 09:10,6.2,490,69,20.4,139270
2023-09-12 10:10,6,500,68,20.5,139270
2023-09-12 11:10,6.1,511,69,20.5,139270
2023-09-12 12:10,6.2,515,69,20.7,139270
2023-09-12 13:10,6.5,514,73,20.8,139270
2023-09-12 14:10,6.6,512,74,20.9,139270
2023-09-12 15:10,6.6,516,74,21,139270
2023-09-12 16:10,6.6,521,75,21,139270
2023-09-12 17:10,6.7,522,75,21,139270
2023-09-12 18:10,6.7,516,76,20.9,139270
2023-09-12 19:10,6.7,508,76,20.9,139270
2023-09-12 20:10,6.8,497,77,20.8,139270
2023-09-12 21:10,6.8,488,77,20.7,139270
2023-09-12 22:10,6.8,481,76,20.6,139270
2023-09-12 23:10,6.7,475,76,20.5,139270
2023-09-13 00:10,6.7,473,75,20.4,139270
2023-09-13 01:10,6.5,474,72,20.3,139270
2023-09-13 02:10,6.9,479,77,20.2,139270
2023-09-13 03:10,6.8,486,76,20.2,139270
2023-09-13 04:10,6.7,493,75,20.1,139270
2023-09-13 05:10,6.5,502,72,20,139270
2023-09-13 06:10,6.7,514,75,20,139270
2023-09-13 07:10,6.7,530,75,19.9,139270
2023-09-13 08:10,6.7,544,74,19.9,139270
2023-09-13 09:10,6.5,555,73,19.9,139270
2023-09-13 10:10,6.7,569,74,20,139270
2023-09-13 11:10,6.7,582,75,20.1,139270
2023-09-13 12:10,6.7,599,75,20.2,139270
2023-09-13 13:10,6.5,612,72,20.3,139270
2023-09-13 14:10,6.9,624,77,20.4,139270
2023-09-13 15:10,7,641,78,20.6,139270
2023-09-13 16:10,7,648,79,20.8,139270
2023-09-13 17:10,7.1,650,81,20.9,139270
2023-09-13 18:10,7.1,660,80,20.9,139270
2023-09-13 19:10,7.1,660,80,20.9,139270
2023-09-13 20:10,6.9,661,78,20.9,139270
2023-09-13 21:10,7,654,79,20.9,139270
2023-09-13 22:10,6.8,650,77,20.8,139270
2023-09-13 23:10,6.7,647,75,20.7,139270
2023-09-14 00:10,6.5,649,73,20.7,139270
2023-09-14 01:10,6.6,654,74,20.6,139270
2023-09-14 02:10,6.7,670,75,20.5,139270
2023-09-14 03:10,6.9,694,78,20.5,139270
2023-09-14 04:10,6.7,710,75,20.5,139270
2023-09-14 05:10,6.7,716,75,20.5,139270
2023-09-14 06:10,6.7,720,75,20.4,139270
2023-09-14 07:10,6.6,709,74,20.4,139270
2023-09-14 08:10,6.5,707,73,20.3,139270
2023-09-14 09:10,6.5,700,73,20.3,139270
2023-09-14 10:10,6.5,695,73,20.3,139270
2023-09-14 11:10,6.4,712,72,20.4,139270
2023-09-14 12:10,6.4,720,72,20.5,139270
2023-09-14 13:10,6.6,730,74,20.7,139270
2023-09-14 14:10,6.7,742,75,21,139270
2023-09-14 15:10,6.8,753,77,21.2,139270
2023-09-14 16:10,6.8,755,77,21.4,139270
2023-09-14 17:10,6.9,752,79,21.4,139270
2023-09-14 18:10,7,731,79,21.3,139270
2023-09-14 19:10,7,726,80,21.2,139270
2023-09-14 20:10,7,716,79,21.2,139270
2023-09-14 21:10,6.9,706,79,21.2,139270
2023-09-14 22:10,6.9,704,78,21.1,139270
2023-09-14 23:10,6.7,699,76,21,139270
2023-09-15 00:10,6.6,691,74,20.9,139270
2023-09-15 01:10,6.7,692,76,20.9,139270
2023-09-15 02:10,6.9,698,77,20.8,139270
2023-09-15 03:10,6.8,714,76,20.9,139270
2023-09-15 04:10,6.3,733,71,20.9,139270
2023-09-15 05:10,6.5,743,73,20.8,139270
2023-09-15 06:10,6.5,744,73,20.8,139270
2023-09-15 07:10,6.4,746,72,20.7,139270
2023-09-15 08:10,6.4,742,72,20.6,139270
2023-09-15 09:10,6.3,743,71,20.6,139270
2023-09-15 10:10,6.4,739,72,20.6,139270
2023-09-15 11:10,6.4,750,72,20.6,139270
2023-09-15 12:10,6.5,753,73,20.7,139270
2023-09-15 13:10,6.5,755,73,20.9,139270
2023-09-15 14:10,6.6,754,75,21.1,139270
2023-09-15 15:10,6.6,751,75,21.2,139270
2023-09-15 16:10,6.6,762,75,21.3,139270
2023-09-15 17:10,6.7,764,76,21.4,139270
2023-09-15 18:10,6.8,763,77,21.5,139270
2023-09-15 19:10,6.8,759,77,21.5,139270
2023-09-15 20:10,6.6,750,75,21.4,139270
2023-09-15 21:10,6.7,733,77,21.4,139270
2023-09-15 22:10,6.7,731,76,21.4,139270
2023-09-15 23:10,6.6,730,75,21.4,139270
2023-09-16 00:10,6.5,734,74,21.3,139270
2023-09-16 01:10,6.4,735,72,21.3,139270
2023-09-16 02:10,6.5,728,74,21.2,139270
2023-09-16 03:10,6.3,720,71,21.2,139270
2023-09-16 04:10,6.5,712,74,21.2,139270
2023-09-16 05:10,6.5,702,73,21.1,139270
2023-09-16 06:10,6.4,698,72,21,139270
2023-09-16 07:10,6.4,696,72,21,139270
2023-09-16 08:10,6.4,704,73,20.9,139270
2023-09-16 09:10,6.5,709,73,20.9,139270
2023-09-16 10:10,6.4,713,73,20.9,139270
2023-09-16 11:10,6.5,719,73,21,139270
2023-09-16 12:10,6.6,724,75,21.1,139270
2023-09-16 13:10,6.7,723,76,21.1,139270
2023-09-16 14:10,6.7,720,76,21.1,139270
2023-09-16 15:10,6.8,720,77,21.1,139270
2023-09-16 16:10,6.8,723,77,21.2,139270
2023-09-16 17:10,6.9,723,78,21.2,139270
2023-09-16 18:10,6.9,720,79,21.2,139270
2023-09-16 19:10,6.8,713,77,21.2,139270
2023-09-16 20:10,6.8,709,77,21.2,139270
2023-09-16 21:10,6.7,708,75,21.1,139270
2023-09-16 22:10,6.6,598,75,21.1,139270
2023-09-16 23:10,6.5,701,73,21,139270
2023-09-17 00:10,6.4,704,72,21,139270
2023-09-17 01:10,6.3,706,71,21,139270
2023-09-17 02:10,6.3,708,71,20.9,139270
2023-09-17 03:10,6.4,715,73,20.9,139270
2023-09-17 04:10,6.5,729,73,20.9,139270
2023-09-17 05:10,6.3,742,72,20.9,139270
2023-09-17 06:10,5.9,756,67,20.9,139270
2023-09-17 07:10,6.2,767,70,20.9,139270
2023-09-17 08:10,6.2,769,70,20.8,139270
2023-09-17 09:10,6.4,764,72,20.7,139270
2023-09-17 10:10,6.5,769,73,20.7,139270
2023-09-17 11:10,6.5,771,73,20.9,139270
2023-09-17 12:10,6.5,772,74,20.9,139270
2023-09-17 13:10,6.5,769,74,21,139270
2023-09-17 14:10,6.6,772,75,21.1,139270
2023-09-17 15:10,6.5,776,74,21.1,139270
2023-09-17 16:10,6.4,793,73,21.1,139270
2023-09-17 17:10,6.7,787,76,21.1,139270
2023-09-17 18:10,6.7,778,75,21.1,139270
2023-09-17 19:10,6.6,773,75,20.9,139270
2023-09-17 20:10,6.6,755,75,20.8,139270
2023-09-17 21:10,6.7,714,75,20.5,139270
2023-09-17 22:10,6.8,664,76,20.2,139270
2023-09-17 23:10,7.2,609,79,19.8,139270
2023-09-18 00:10,7.2,580,79,19.5,139270
2023-09-18 01:10,7.3,564,79,19.3,139270
2023-09-18 02:10,7.3,554,79,19.1,139270
2023-09-18 03:10,7.3,525,79,18.9,139270
2023-09-18 04:10,7.2,495,78,18.8,139270
2023-09-18 05:10,7.2,494,77,18.7,139270
2023-09-18 06:10,7.2,513,77,18.6,139270
2023-09-18 07:10,7.2,521,77,18.5,139270
2023-09-18 08:10,7.2,519,78,18.4,139270
2023-09-18 09:10,7.2,521,77,18.5,139270
2023-09-18 10:10,7.3,533,79,18.5,139270
2023-09-18 11:10,7.4,544,80,18.7,139270
2023-09-18 12:10,7.4,548,80,18.8,139270
2023-09-18 13:10,7.5,554,81,18.9,139270
2023-09-18 14:10,7.5,562,82,19.1,139270
2023-09-18 15:10,7.5,570,82,19.2,139270
2023-09-18 16:10,7.5,578,82,19.3,139270
2023-09-18 17:10,7.4,591,81,19.3,139270
2023-09-18 18:10,7.4,599,81,19.3,139270
2023-09-18 19:10,7.4,609,81,19.1,139270
2023-09-18 20:10,7.4,620,80,19.1,139270
2023-09-18 21:10,7.3,626,79,19.1,139270
2023-09-18 22:10,7.3,628,79,19.2,139270
2023-09-18 23:10,7.4,634,81,19.3,139270
2023-09-19 00:10,7.3,646,80,19.3,139270
2023-09-19 01:10,7.2,660,79,19.3,139270
2023-09-19 02:10,7.1,671,78,19.3,139270
2023-09-19 03:10,7.1,684,77,19.3,139270
2023-09-19 04:10,7.1,704,77,19.3,139270
2023-09-19 05:10,7.1,727,78,19.3,139270
2023-09-19 06:10,7.1,743,77,19.3,139270
2023-09-19 07:10,7.1,750,77,19.3,139270
2023-09-19 08:10,7,745,76,19.3,139270
2023-09-19 09:10,7,745,76,19.3,139270
2023-09-19 10:10,6.9,746,76,19.3,139270
2023-09-19 11:10,6.9,747,75,19.3,139270
2023-09-19 12:10,6.9,747,75,19.3,139270
2023-09-19 13:10,6.9,746,75,19.3,139270
2023-09-19 14:10,6.9,748,76,19.3,139270
2023-09-19 15:10,6.9,750,76,19.4,139270
2023-09-19 16:10,6.9,754,75,19.5,139270
2023-09-19 17:10,6.9,766,76,19.6,139270
2023-09-19 18:10,6.9,777,76,19.6,139270
2023-09-19 19:10,6.9,775,76,19.7,139270
2023-09-19 20:10,6.9,774,76,19.7,139270
2023-09-19 21:10,7.2,782,79,19.7,139270
2023-09-19 22:10,7.2,799,79,19.8,139270
2023-09-19 23:10,7.1,812,78,19.8,139270
